sku,name,transmission_family,location,qty,transmission_variant,category,description,oem_brand,list_price,condition,bin,part_type,identifier_type,identifier_value,verification_status
JP-COR-10033,10L90 Core Assembly,10L80,CHI-N,4,10L90,transmission_hard_parts,"10L90 Core Assembly · Complete core · No electronics / TEHCM missing · typical apps: Silverado 1500, Sierra 1500, Tahoe, Yukon, Camaro",GM,1417.04,core,E-02-2,,casting,24293320,unverified
JP-COR-10044,10L90 Core Assembly,10L80,CHI-N,4,10L90,transmission_hard_parts,"10L90 Core Assembly · Complete core · Front pump turns freely · typical apps: Silverado 1500, Sierra 1500, Tahoe, Yukon, Camaro",GM,1099.94,core,B-05-3,,casting,24293320,unverified
JP-COR-10051,10L90 Core Assembly,10L80,CHI-N,1,10L90,transmission_hard_parts,"10L90 Core Assembly · Complete core · Late-model — verify software family before rebuild · typical apps: Silverado 1500, Sierra 1500, Tahoe, Yukon, Camaro",GM,1585.14,core,H-05-1,,casting,24293320,unverified
JP-COR-10067,10L90 Core Assembly,10L80,CHI-N,1,10L90,transmission_hard_parts,"10L90 Core Assembly · Complete core · Front pump turns freely · typical apps: Silverado 1500, Sierra 1500, Tahoe, Yukon, Camaro",GM,1272.23,core,H-09-2,,casting,24275875,unverified
JP-COR-10076,10L90 Core Assembly,10L80,CHI-N,2,10L90,transmission_hard_parts,"10L90 Core Assembly · Complete core · Tag code photographed · typical apps: Silverado 1500, Sierra 1500, Tahoe, Yukon, Camaro",GM,1460.80,used,G-06-1,,casting,24293320,unverified
JP-COR-10093,10L80 Core Assembly,10L80,CHI-N,4,10L80,transmission_hard_parts,"10L80 Core Assembly · Complete core · Front pump turns freely · typical apps: Silverado 1500, Sierra 1500, Tahoe, Yukon, Camaro",GM,1210.12,core,F-04-3,,casting,24284111,unverified
JP-COR-10101,10L80 Core Assembly,10L80,CHI-N,3,10L80,transmission_hard_parts,"10L80 Core Assembly · Complete core · Pan off, magnets clean · typical apps: Silverado 1500, Sierra 1500, Tahoe, Yukon, Camaro",GM,917.47,core,F-02-3,,casting,24275875,unverified
JP-COR-10102,10L90 Core Assembly,10L80,CHI-N,2,10L90,transmission_hard_parts,"10L90 Core Assembly · Complete core · Converter included, untested · typical apps: Silverado 1500, Sierra 1500, Tahoe, Yukon, Camaro",GM,1227.29,core,C-01-1,,casting,24284111,unverified
JP-COR-10110,10L90 Core Assembly,10L80,CHI-N,2,10L90,transmission_hard_parts,"10L90 Core Assembly · Complete core · Pan off, magnets clean · typical apps: Silverado 1500, Sierra 1500, Tahoe, Yukon, Camaro",GM,1358.14,core,F-04-3,,casting,24284111,unverified
JP-COR-10128,10L90 Core Assembly,10L80,CHI-N,2,10L90,transmission_hard_parts,"10L90 Core Assembly · Complete core · Complete as pulled, converter not included · typical apps: Silverado 1500, Sierra 1500, Tahoe, Yukon, Camaro",GM,1309.60,core,B-01-2,,casting,24275875,unverified
JP-COR-10140,10L90 Core Assembly,10L80,CHI-N,3,10L90,transmission_hard_parts,"10L90 Core Assembly · Complete core · Late-model — verify software family before rebuild · typical apps: Silverado 1500, Sierra 1500, Tahoe, Yukon, Camaro",GM,1440.46,core,B-11-3,,casting,24293320,unverified
JP-CSE-10404,10L80 Case / Housing,10L80,CHI-N,6,10L80,transmission_hard_parts,"10L80 Case / Housing · Pan rail flat · typical apps: Silverado 1500, Sierra 1500, Tahoe, Yukon, Camaro",GM,204.66,used,D-03-2,,casting,24284111,unverified
JP-EXT-10324,10L90 Extension Housing,10L80,CHI-N,5,10L90,transmission_hard_parts,"10L90 Extension Housing · Bushing serviceable · typical apps: Silverado 1500, Sierra 1500, Tahoe, Yukon, Camaro",GM,62.83,used,H-10-3,,casting,24284111,unverified
JP-EXT-10397,10L80 Extension Housing,10L80,CHI-N,6,10L80,transmission_hard_parts,"10L80 Extension Housing · Bushing serviceable · typical apps: Silverado 1500, Sierra 1500, Tahoe, Yukon, Camaro",GM,114.18,used,C-10-3,,casting,24275875,unverified
JP-ISH-10196,10L90 Input Shaft,10L80,CHI-N,4,10L90,transmission_hard_parts,"10L90 Input Shaft · No crack at seal journal · typical apps: Silverado 1500, Sierra 1500, Tahoe, Yukon, Camaro",GM,147.92,used,F-08-1,,casting,24275875,unverified
JP-OSH-10310,10L80 Output Shaft,10L80,OHARE,4,10L80,transmission_hard_parts,"10L80 Output Shaft · Bushing journals good · typical apps: Silverado 1500, Sierra 1500, Tahoe, Yukon, Camaro",GM,86.65,used,G-11-1,,casting,24293320,unverified
JP-OSH-10413,10L90 Output Shaft,10L80,OHARE,6,10L90,transmission_hard_parts,"10L90 Output Shaft · Bushing journals good · typical apps: Silverado 1500, Sierra 1500, Tahoe, Yukon, Camaro",GM,85.21,used,F-12-1,,casting,24284111,unverified
JP-PLF-10487,10L80 Planetary Assembly - Front,10L80,CHI-N,5,10L80,transmission_hard_parts,"10L80 Planetary Assembly - Front · Lugs intact · typical apps: Silverado 1500, Sierra 1500, Tahoe, Yukon, Camaro",GM,75.23,used,A-03-2,,casting,24293320,unverified
JP-PLR-10154,10L80 Planetary Assembly - Rear,10L80,OHARE,8,10L80,transmission_hard_parts,"10L80 Planetary Assembly - Rear · 4-pinion · typical apps: Silverado 1500, Sierra 1500, Tahoe, Yukon, Camaro",GM,114.72,used,G-04-1,,casting,24275875,unverified
JP-PLR-10266,10L80 Planetary Assembly - Rear,10L80,OHARE,1,10L80,transmission_hard_parts,"10L80 Planetary Assembly - Rear · 4-pinion · typical apps: Silverado 1500, Sierra 1500, Tahoe, Yukon, Camaro",GM,81.20,used,A-07-2,,casting,24284111,unverified
JP-PLR-10277,10L90 Planetary Assembly - Rear,10L80,CHI-N,7,10L90,transmission_hard_parts,"10L90 Planetary Assembly - Rear · 4-pinion · typical apps: Silverado 1500, Sierra 1500, Tahoe, Yukon, Camaro",GM,91.05,used,H-07-1,,casting,24293320,unverified
JP-PLR-10349,10L80 Planetary Assembly - Rear,10L80,CHI-N,7,10L80,transmission_hard_parts,"10L80 Planetary Assembly - Rear · 4-pinion · typical apps: Silverado 1500, Sierra 1500, Tahoe, Yukon, Camaro",GM,58.83,used,D-07-3,,casting,24275875,unverified
JP-PLR-10436,10L80 Planetary Assembly - Rear,10L80,CHI-N,2,10L80,transmission_hard_parts,"10L80 Planetary Assembly - Rear · Washer stack complete · typical apps: Silverado 1500, Sierra 1500, Tahoe, Yukon, Camaro",GM,180.41,used,H-09-2,,casting,24293320,unverified
JP-SRV-10171,10L90 Servo Assembly,10L80,OHARE,10,10L90,transmission_hard_parts,"10L90 Servo Assembly · Pin not scored · typical apps: Silverado 1500, Sierra 1500, Tahoe, Yukon, Camaro",GM,49.42,used,F-12-1,,casting,24275875,unverified
JP-SRV-10252,10L90 Servo Assembly,10L80,OHARE,5,10L90,transmission_hard_parts,"10L90 Servo Assembly · Cover included · typical apps: Silverado 1500, Sierra 1500, Tahoe, Yukon, Camaro",GM,84.40,used,D-05-3,,casting,24293320,unverified
JP-SSH-10466,10L90 Sun Shell / Reaction Shell,10L80,OHARE,14,10L90,transmission_hard_parts,"10L90 Sun Shell / Reaction Shell · Crack-checked · typical apps: Silverado 1500, Sierra 1500, Tahoe, Yukon, Camaro",GM,89.50,used,H-08-3,,casting,24284111,unverified
JP-TC-10198,10L80 Torque Converter,10L80,CHI-N,8,10L80,transmission_hard_parts,"10L80 Torque Converter · Hub not scored · typical apps: Silverado 1500, Sierra 1500, Tahoe, Yukon, Camaro",GM,402.17,used,H-02-2,,casting,24284111,unverified
JP-TC-10212,10L90 Torque Converter,10L80,CHI-N,14,10L90,transmission_hard_parts,"10L90 Torque Converter · Lockup, visually inspected · typical apps: Silverado 1500, Sierra 1500, Tahoe, Yukon, Camaro",GM,311.09,used,F-12-3,,casting,24293320,unverified
JP-TC-10274,10L90 Torque Converter,10L80,CHI-N,17,10L90,transmission_hard_parts,"10L90 Torque Converter · Stall unknown — sold as used · typical apps: Silverado 1500, Sierra 1500, Tahoe, Yukon, Camaro",GM,397.17,used,D-10-1,,casting,24284111,unverified
JP-TC-10431,10L80 Torque Converter,10L80,CHI-N,8,10L80,transmission_hard_parts,"10L80 Torque Converter · Stall unknown — sold as used · typical apps: Silverado 1500, Sierra 1500, Tahoe, Yukon, Camaro",GM,400.97,used,B-05-1,,casting,24293320,unverified
JP-TCM-10218,10L80 TEHCM / Control Module,10L80,OHARE,4,10L80,transmission_hard_parts,"10L80 TEHCM / Control Module · Untested — sold as-is used · typical apps: Silverado 1500, Sierra 1500, Tahoe, Yukon, Camaro",GM,161.73,used,G-02-2,,casting,24284111,unverified
JP-IDR-10194,10L90 Input Drum,10L80,OHARE,2,10L90,transmission_hard_parts,"10L90 Input Drum · No blown snap-ring groove · typical apps: Silverado 1500, Sierra 1500, Tahoe, Yukon, Camaro",GM,139.52,used,C-04-3,drum,casting,24275875,unverified
JP-IDR-10216,10L90 Input Drum,10L80,CHI-N,1,10L90,transmission_hard_parts,"10L90 Input Drum · No blown snap-ring groove · typical apps: Silverado 1500, Sierra 1500, Tahoe, Yukon, Camaro",GM,200.62,used,H-08-1,drum,casting,24293320,unverified
JP-RDR-10232,10L80 Reverse Input Drum,10L80,CHI-N,7,10L80,transmission_hard_parts,"10L80 Reverse Input Drum · Bushing OK · typical apps: Silverado 1500, Sierra 1500, Tahoe, Yukon, Camaro",GM,56.94,used,D-10-3,drum,casting,24284111,unverified
JP-PMP-10339,10L90 Pump Assembly,10L80,CHI-N,6,10L90,transmission_hard_parts,"10L90 Pump Assembly · 298mm · typical apps: Silverado 1500, Sierra 1500, Tahoe, Yukon, Camaro",GM,146.89,used,C-02-1,pump,casting,24275875,unverified
JP-PMP-10493,10L90 Pump Assembly,10L80,OHARE,6,10L90,transmission_hard_parts,"10L90 Pump Assembly · Bushing serviceable · typical apps: Silverado 1500, Sierra 1500, Tahoe, Yukon, Camaro",GM,246.45,used,A-05-3,pump,casting,24284111,unverified
JP-VB-10315,10L80 Valve Body,10L80,OHARE,18,10L80,transmission_hard_parts,"10L80 Valve Body · Solenoids not included · typical apps: Silverado 1500, Sierra 1500, Tahoe, Yukon, Camaro",GM,178.59,used,D-10-3,valve body,casting,24275875,unverified
JP-VB-10468,10L80 Valve Body,10L80,OHARE,5,10L80,transmission_hard_parts,"10L80 Valve Body · Inspected, no cracked casting · typical apps: Silverado 1500, Sierra 1500, Tahoe, Yukon, Camaro",GM,153.55,used,C-12-1,valve body,casting,24275875,unverified
JP-COR-10002,10R80 Core Assembly,10R80,CHI-N,1,10R80,transmission_hard_parts,"10R80 Core Assembly · Complete core · Pan off, magnets clean · typical apps: F-150, Expedition, Ranger, Mustang, Bronco",Ford,1325.86,core,D-09-1,,casting,ML3P-7A103,unverified
JP-COR-10006,10R80 Core Assembly,10R80,CHI-N,1,10R80,transmission_hard_parts,"10R80 Core Assembly · Complete core · Front pump turns freely · typical apps: F-150, Expedition, Ranger, Mustang, Bronco",Ford,849.55,core,D-05-2,,casting,ML3P-7A103,unverified
JP-COR-10007,10R80 Core Assembly,10R80,CHI-N,2,10R80,transmission_hard_parts,"10R80 Core Assembly · Complete core · Front pump turns freely · typical apps: F-150, Expedition, Ranger, Mustang, Bronco",Ford,917.00,core,E-01-1,,casting,JL3P-7000,unverified
JP-COR-10008,10R80 Core Assembly,10R80,CHI-N,4,10R80,transmission_hard_parts,"10R80 Core Assembly · Complete core · Complete as pulled, converter not included · typical apps: F-150, Expedition, Ranger, Mustang, Bronco",Ford,974.82,core,H-10-2,,casting,L1MZ-7000,unverified
JP-COR-10012,10R80 Core Assembly,10R80,CHI-N,1,10R80,transmission_hard_parts,"10R80 Core Assembly · Complete core · Late-model — verify software family before rebuild · typical apps: F-150, Expedition, Ranger, Mustang, Bronco",Ford,1302.23,used,C-07-2,,casting,L1MZ-7000,unverified
JP-COR-10017,10R80 Core Assembly,10R80,CHI-N,1,10R80,transmission_hard_parts,"10R80 Core Assembly · Complete core · Converter included, untested · typical apps: F-150, Expedition, Ranger, Mustang, Bronco",Ford,1303.60,core,A-01-1,,casting,L1MZ-7000,unverified
JP-COR-10035,10R80 Core Assembly,10R80,CHI-N,3,10R80,transmission_hard_parts,"10R80 Core Assembly · Complete core · Converter included, untested · typical apps: F-150, Expedition, Ranger, Mustang, Bronco",Ford,951.71,core,F-08-2,,casting,ML3P-7A103,unverified
JP-COR-10050,10R80 Core Assembly,10R80,CHI-N,1,10R80,transmission_hard_parts,"10R80 Core Assembly · Complete core · Front pump turns freely · typical apps: F-150, Expedition, Ranger, Mustang, Bronco",Ford,1129.31,used,B-01-2,,casting,L1MZ-7000,unverified
JP-COR-10056,10R80 Core Assembly,10R80,CHI-N,1,10R80,transmission_hard_parts,"10R80 Core Assembly · Complete core · Front pump turns freely · typical apps: F-150, Expedition, Ranger, Mustang, Bronco",Ford,1301.17,core,F-03-3,,casting,ML3P-7A103,unverified
JP-COR-10065,10R80 Core Assembly,10R80,CHI-N,2,10R80,transmission_hard_parts,"10R80 Core Assembly · Complete core · Converter included, untested · typical apps: F-150, Expedition, Ranger, Mustang, Bronco",Ford,800.91,used,H-07-1,,casting,ML3P-7A103,unverified
JP-COR-10066,10R80 Core Assembly,10R80,CHI-N,2,10R80,transmission_hard_parts,"10R80 Core Assembly · Complete core · Late-model — verify software family before rebuild · typical apps: F-150, Expedition, Ranger, Mustang, Bronco",Ford,1322.85,core,F-09-3,,casting,ML3P-7A103,unverified
JP-COR-10069,10R80 Core Assembly,10R80,CHI-N,4,10R80,transmission_hard_parts,"10R80 Core Assembly · Complete core · Pan off, magnets clean · typical apps: F-150, Expedition, Ranger, Mustang, Bronco",Ford,1184.15,used,H-02-2,,casting,JL3P-7000,unverified
JP-COR-10089,10R80 Core Assembly,10R80,CHI-N,3,10R80,transmission_hard_parts,"10R80 Core Assembly · Complete core · Pan off, magnets clean · typical apps: F-150, Expedition, Ranger, Mustang, Bronco",Ford,1015.96,core,H-04-3,,casting,L1MZ-7000,unverified
JP-COR-10114,10R80 Core Assembly,10R80,CHI-N,1,10R80,transmission_hard_parts,"10R80 Core Assembly · Complete core · Front pump turns freely · typical apps: F-150, Expedition, Ranger, Mustang, Bronco",Ford,1121.80,core,F-09-1,,casting,JL3P-7000,unverified
JP-CSE-10328,10R80 Case / Housing,10R80,CHI-N,4,10R80,transmission_hard_parts,"10R80 Case / Housing · Bell threads good · typical apps: F-150, Expedition, Ranger, Mustang, Bronco",Ford,141.74,used,B-04-2,,casting,ML3P-7A103,unverified
JP-EXT-10200,10R80 Extension Housing,10R80,CHI-N,5,10R80,transmission_hard_parts,"10R80 Extension Housing · Bushing serviceable · typical apps: F-150, Expedition, Ranger, Mustang, Bronco",Ford,92.91,used,D-07-3,,casting,ML3P-7A103,unverified
JP-EXT-10282,10R80 Extension Housing,10R80,OHARE,7,10R80,transmission_hard_parts,"10R80 Extension Housing · Bushing serviceable · typical apps: F-150, Expedition, Ranger, Mustang, Bronco",Ford,72.11,used,C-09-3,,casting,JL3P-7000,unverified
JP-ISH-10170,10R80 Input Shaft,10R80,CHI-N,2,10R80,transmission_hard_parts,"10R80 Input Shaft · Splines not twisted · typical apps: F-150, Expedition, Ranger, Mustang, Bronco",Ford,111.18,used,C-03-2,,casting,ML3P-7A103,unverified
JP-ISH-10276,10R80 Input Shaft,10R80,CHI-N,1,10R80,transmission_hard_parts,"10R80 Input Shaft · Splines not twisted · typical apps: F-150, Expedition, Ranger, Mustang, Bronco",Ford,158.57,used,G-10-3,,casting,JL3P-7000,unverified
JP-ISH-10418,10R80 Input Shaft,10R80,OHARE,5,10R80,transmission_hard_parts,"10R80 Input Shaft · No crack at seal journal · typical apps: F-150, Expedition, Ranger, Mustang, Bronco",Ford,156.14,used,C-10-3,,casting,JL3P-7000,unverified
JP-OSH-10183,10R80 Output Shaft,10R80,CHI-N,3,10R80,transmission_hard_parts,"10R80 Output Shaft · Bushing journals good · typical apps: F-150, Expedition, Ranger, Mustang, Bronco",Ford,113.59,used,A-07-3,,casting,ML3P-7A103,unverified
JP-OSH-10366,10R80 Output Shaft,10R80,CHI-N,5,10R80,transmission_hard_parts,"10R80 Output Shaft · Parking gear intact · typical apps: F-150, Expedition, Ranger, Mustang, Bronco",Ford,93.10,used,E-04-3,,casting,JL3P-7000,unverified
JP-PLF-10378,10R80 Planetary Assembly - Front,10R80,CHI-N,8,10R80,transmission_hard_parts,"10R80 Planetary Assembly - Front · Lugs intact · typical apps: F-150, Expedition, Ranger, Mustang, Bronco",Ford,144.86,used,C-07-2,,casting,ML3P-7A103,unverified
JP-PLF-10410,10R80 Planetary Assembly - Front,10R80,OHARE,6,10R80,transmission_hard_parts,"10R80 Planetary Assembly - Front · No heat discoloration · typical apps: F-150, Expedition, Ranger, Mustang, Bronco",Ford,180.11,used,H-10-2,,casting,ML3P-7A103,unverified
JP-PLF-10419,10R80 Planetary Assembly - Front,10R80,CHI-N,6,10R80,transmission_hard_parts,"10R80 Planetary Assembly - Front · No heat discoloration · typical apps: F-150, Expedition, Ranger, Mustang, Bronco",Ford,124.79,used,F-01-1,,casting,L1MZ-7000,unverified
JP-PLR-10181,10R80 Planetary Assembly - Rear,10R80,CHI-N,8,10R80,transmission_hard_parts,"10R80 Planetary Assembly - Rear · 4-pinion · typical apps: F-150, Expedition, Ranger, Mustang, Bronco",Ford,56.32,used,A-08-1,,casting,L1MZ-7000,unverified
JP-PLR-10224,10R80 Planetary Assembly - Rear,10R80,CHI-N,5,10R80,transmission_hard_parts,"10R80 Planetary Assembly - Rear · 4-pinion · typical apps: F-150, Expedition, Ranger, Mustang, Bronco",Ford,147.87,used,A-03-3,,casting,L1MZ-7000,unverified
JP-PLR-10280,10R80 Planetary Assembly - Rear,10R80,CHI-N,9,10R80,transmission_hard_parts,"10R80 Planetary Assembly - Rear · 4-pinion · typical apps: F-150, Expedition, Ranger, Mustang, Bronco",Ford,88.45,used,D-08-2,,casting,L1MZ-7000,unverified
JP-PLR-10340,10R80 Planetary Assembly - Rear,10R80,OHARE,7,10R80,transmission_hard_parts,"10R80 Planetary Assembly - Rear · Washer stack complete · typical apps: F-150, Expedition, Ranger, Mustang, Bronco",Ford,91.65,used,A-02-2,,casting,L1MZ-7000,unverified
JP-SSH-10334,10R80 Sun Shell / Reaction Shell,10R80,OHARE,11,10R80,transmission_hard_parts,"10R80 Sun Shell / Reaction Shell · Common wear item · typical apps: F-150, Expedition, Ranger, Mustang, Bronco",Ford,87.11,used,E-09-1,,casting,ML3P-7A103,unverified
JP-SSH-10456,10R80 Sun Shell / Reaction Shell,10R80,CHI-N,9,10R80,transmission_hard_parts,"10R80 Sun Shell / Reaction Shell · Lugs not stripped · typical apps: F-150, Expedition, Ranger, Mustang, Bronco",Ford,39.41,used,B-10-1,,casting,L1MZ-7000,unverified
JP-SSH-10492,10R80 Sun Shell / Reaction Shell,10R80,CHI-N,4,10R80,transmission_hard_parts,"10R80 Sun Shell / Reaction Shell · Common wear item · typical apps: F-150, Expedition, Ranger, Mustang, Bronco",Ford,50.79,used,A-08-3,,casting,L1MZ-7000,unverified
JP-TC-10262,10R80 Torque Converter,10R80,CHI-N,14,10R80,transmission_hard_parts,"10R80 Torque Converter · Hub not scored · typical apps: F-150, Expedition, Ranger, Mustang, Bronco",Ford,372.93,used,G-03-2,,casting,L1MZ-7000,unverified
JP-TC-10299,10R80 Torque Converter,10R80,CHI-N,22,10R80,transmission_hard_parts,"10R80 Torque Converter · Hub not scored · typical apps: F-150, Expedition, Ranger, Mustang, Bronco",Ford,283.30,used,C-03-1,,casting,L1MZ-7000,unverified
JP-TC-10391,10R80 Torque Converter,10R80,CHI-N,12,10R80,transmission_hard_parts,"10R80 Torque Converter · Hub not scored · typical apps: F-150, Expedition, Ranger, Mustang, Bronco",Ford,322.42,used,C-12-3,,casting,JL3P-7000,unverified
JP-TC-10415,10R80 Torque Converter,10R80,CHI-N,10,10R80,transmission_hard_parts,"10R80 Torque Converter · Pilot good · typical apps: F-150, Expedition, Ranger, Mustang, Bronco",Ford,294.14,used,D-02-3,,casting,JL3P-7000,unverified
JP-TC-10426,10R80 Torque Converter,10R80,CHI-N,12,10R80,transmission_hard_parts,"10R80 Torque Converter · Stall unknown — sold as used · typical apps: F-150, Expedition, Ranger, Mustang, Bronco",Ford,296.34,used,A-06-3,,casting,L1MZ-7000,unverified
JP-TCM-10186,10R80 TEHCM / Control Module,10R80,CHI-N,0,10R80,transmission_hard_parts,"10R80 TEHCM / Control Module · Connector pins straight · typical apps: F-150, Expedition, Ranger, Mustang, Bronco",Ford,220.55,used,H-09-3,,casting,ML3P-7A103,unverified
JP-IDR-10197,10R80 Input Drum,10R80,CHI-N,6,10R80,transmission_hard_parts,"10R80 Input Drum · Piston bores clean · typical apps: F-150, Expedition, Ranger, Mustang, Bronco",Ford,117.97,used,G-05-1,drum,casting,L1MZ-7000,unverified
JP-IDR-10373,10R80 Input Drum,10R80,CHI-N,5,10R80,transmission_hard_parts,"10R80 Input Drum · No blown snap-ring groove · typical apps: F-150, Expedition, Ranger, Mustang, Bronco",Ford,74.48,used,B-11-2,drum,casting,JL3P-7000,unverified
JP-RDR-10305,10R80 Reverse Input Drum,10R80,CHI-N,1,10R80,transmission_hard_parts,"10R80 Reverse Input Drum · Lug area intact · typical apps: F-150, Expedition, Ranger, Mustang, Bronco",Ford,106.36,used,F-12-2,drum,casting,ML3P-7A103,unverified
JP-PMP-10155,10R80 Pump Assembly,10R80,OHARE,6,10R80,transmission_hard_parts,"10R80 Pump Assembly · Rotor and vanes present · typical apps: F-150, Expedition, Ranger, Mustang, Bronco",Ford,270.22,used,C-10-2,pump,casting,JL3P-7000,unverified
JP-PMP-10300,10R80 Pump Assembly,10R80,CHI-N,1,10R80,transmission_hard_parts,"10R80 Pump Assembly · Bushing serviceable · typical apps: F-150, Expedition, Ranger, Mustang, Bronco",Ford,137.20,used,D-04-2,pump,casting,ML3P-7A103,unverified
JP-VB-10433,10R80 Valve Body,10R80,CHI-N,8,10R80,transmission_hard_parts,"10R80 Valve Body · Checkball inventory complete · typical apps: F-150, Expedition, Ranger, Mustang, Bronco",Ford,272.54,used,D-05-2,valve body,casting,L1MZ-7000,unverified
JP-COR-10001,4L60E Core Assembly,4L60E,CHI-N,1,4L60E,transmission_hard_parts,"4L60E Core Assembly · Complete core · Front pump turns freely · typical apps: Silverado, Sierra, Tahoe, Suburban, Camaro, Corvette, Express, Astro",GM,289.54,core,A-06-3,,casting,24222733,unverified
JP-COR-10004,4L70E Core Assembly,4L60E,CHI-N,1,4L70E,transmission_hard_parts,"4L70E Core Assembly · Complete core · Complete as pulled, converter not included · typical apps: Silverado, Sierra, Tahoe, Suburban, Camaro, Corvette, Express, Astro",GM,313.23,core,F-10-3,,casting,24232557,unverified
JP-COR-10010,4L70E Core Assembly,4L60E,CHI-N,4,4L70E,transmission_hard_parts,"4L70E Core Assembly · Complete core · Tag code photographed · typical apps: Silverado, Sierra, Tahoe, Suburban, Camaro, Corvette, Express, Astro",GM,297.17,core,H-05-2,,casting,24232557,unverified
JP-COR-10018,4L60E Core Assembly,4L60E,CHI-N,3,4L60E,transmission_hard_parts,"4L60E Core Assembly · Complete core · Front pump turns freely · typical apps: Silverado, Sierra, Tahoe, Suburban, Camaro, Corvette, Express, Astro",GM,262.83,core,H-10-1,,casting,24217354,unverified
JP-COR-10021,4L70E Core Assembly,4L60E,CHI-N,2,4L70E,transmission_hard_parts,"4L70E Core Assembly · Complete core · No electronics / TEHCM missing · typical apps: Silverado, Sierra, Tahoe, Suburban, Camaro, Corvette, Express, Astro",GM,306.47,core,H-08-1,,casting,24217354,unverified
JP-COR-10023,4L65E Core Assembly,4L60E,CHI-N,3,4L65E,transmission_hard_parts,"4L65E Core Assembly · Complete core · Complete as pulled, converter not included · typical apps: Silverado, Sierra, Tahoe, Suburban, Camaro, Corvette, Express, Astro",GM,277.06,core,F-07-2,,casting,24217354,unverified
JP-COR-10027,4L65E Core Assembly,4L60E,CHI-N,1,4L65E,transmission_hard_parts,"4L65E Core Assembly · Complete core · Tag code photographed · typical apps: Silverado, Sierra, Tahoe, Suburban, Camaro, Corvette, Express, Astro",GM,255.85,core,F-05-1,,casting,24222733,unverified
JP-COR-10037,4L70E Core Assembly,4L60E,CHI-N,2,4L70E,transmission_hard_parts,"4L70E Core Assembly · Complete core · No electronics / TEHCM missing · typical apps: Silverado, Sierra, Tahoe, Suburban, Camaro, Corvette, Express, Astro",GM,298.50,core,D-02-2,,casting,24244058,unverified
JP-COR-10042,4L60E Core Assembly,4L60E,CHI-N,5,4L60E,transmission_hard_parts,"4L60E Core Assembly · Complete core · Late-model — verify software family before rebuild · typical apps: Silverado, Sierra, Tahoe, Suburban, Camaro, Corvette, Express, Astro",GM,256.66,core,H-02-2,,casting,8680037,unverified
JP-COR-10052,4L65E Core Assembly,4L60E,CHI-N,1,4L65E,transmission_hard_parts,"4L65E Core Assembly · Complete core · No electronics / TEHCM missing · typical apps: Silverado, Sierra, Tahoe, Suburban, Camaro, Corvette, Express, Astro",GM,240.03,core,B-03-1,,casting,24217354,unverified
JP-COR-10060,4L65E Core Assembly,4L60E,CHI-N,1,4L65E,transmission_hard_parts,"4L65E Core Assembly · Complete core · Pan off, magnets clean · typical apps: Silverado, Sierra, Tahoe, Suburban, Camaro, Corvette, Express, Astro",GM,273.65,core,B-08-3,,casting,24229833,unverified
JP-COR-10072,4L65E Core Assembly,4L60E,CHI-N,5,4L65E,transmission_hard_parts,"4L65E Core Assembly · Complete core · Late-model — verify software family before rebuild · typical apps: Silverado, Sierra, Tahoe, Suburban, Camaro, Corvette, Express, Astro",GM,287.94,core,A-09-2,,casting,24229833,unverified
JP-COR-10075,4L65E Core Assembly,4L60E,CHI-N,1,4L65E,transmission_hard_parts,"4L65E Core Assembly · Complete core · Tag code photographed · typical apps: Silverado, Sierra, Tahoe, Suburban, Camaro, Corvette, Express, Astro",GM,357.24,core,B-09-1,,casting,8680037,unverified
JP-COR-10085,4L65E Core Assembly,4L60E,CHI-N,4,4L65E,transmission_hard_parts,"4L65E Core Assembly · Complete core · Pan off, magnets clean · typical apps: Silverado, Sierra, Tahoe, Suburban, Camaro, Corvette, Express, Astro",GM,262.56,core,B-01-1,,casting,24222733,unverified
JP-COR-10086,4L65E Core Assembly,4L60E,CHI-N,2,4L65E,transmission_hard_parts,"4L65E Core Assembly · Complete core · Front pump turns freely · typical apps: Silverado, Sierra, Tahoe, Suburban, Camaro, Corvette, Express, Astro",GM,320.66,core,F-11-3,,casting,24244058,unverified
JP-COR-10095,4L70E Core Assembly,4L60E,CHI-N,2,4L70E,transmission_hard_parts,"4L70E Core Assembly · Complete core · Converter included, untested · typical apps: Silverado, Sierra, Tahoe, Suburban, Camaro, Corvette, Express, Astro",GM,270.33,core,D-11-2,,casting,24217354,unverified
JP-COR-10097,4L65E Core Assembly,4L60E,CHI-N,4,4L65E,transmission_hard_parts,"4L65E Core Assembly · Complete core · Complete as pulled, converter not included · typical apps: Silverado, Sierra, Tahoe, Suburban, Camaro, Corvette, Express, Astro",GM,262.46,core,D-11-3,,casting,24244058,unverified
JP-COR-10099,4L70E Core Assembly,4L60E,CHI-N,1,4L70E,transmission_hard_parts,"4L70E Core Assembly · Complete core · Converter included, untested · typical apps: Silverado, Sierra, Tahoe, Suburban, Camaro, Corvette, Express, Astro",GM,374.28,core,C-07-1,,casting,24217354,unverified
JP-COR-10103,4L60E Core Assembly,4L60E,CHI-N,1,4L60E,transmission_hard_parts,"4L60E Core Assembly · Complete core · Tag code photographed · typical apps: Silverado, Sierra, Tahoe, Suburban, Camaro, Corvette, Express, Astro",GM,200.46,core,E-06-3,,casting,24232557,unverified
JP-COR-10106,4L60E Core Assembly,4L60E,CHI-N,8,4L60E,transmission_hard_parts,"4L60E Core Assembly · Complete core · Complete as pulled, converter not included · typical apps: Silverado, Sierra, Tahoe, Suburban, Camaro, Corvette, Express, Astro",GM,239.53,core,A-10-1,,casting,24244058,unverified
JP-COR-10127,4L70E Core Assembly,4L60E,CHI-N,2,4L70E,transmission_hard_parts,"4L70E Core Assembly · Complete core · Converter included, untested · typical apps: Silverado, Sierra, Tahoe, Suburban, Camaro, Corvette, Express, Astro",GM,259.49,core,G-08-1,,casting,24222733,unverified
JP-COR-10133,4L70E Core Assembly,4L60E,CHI-N,2,4L70E,transmission_hard_parts,"4L70E Core Assembly · Complete core · Complete as pulled, converter not included · typical apps: Silverado, Sierra, Tahoe, Suburban, Camaro, Corvette, Express, Astro",GM,321.53,core,E-12-2,,casting,8680037,unverified
JP-COR-10135,4L60E Core Assembly,4L60E,CHI-N,2,4L60E,transmission_hard_parts,"4L60E Core Assembly · Complete core · Late-model — verify software family before rebuild · typical apps: Silverado, Sierra, Tahoe, Suburban, Camaro, Corvette, Express, Astro",GM,238.85,core,D-10-2,,casting,24232557,unverified
JP-CSE-10270,4L70E Case / Housing,4L60E,CHI-N,5,4L70E,transmission_hard_parts,"4L70E Case / Housing · No broken ears · typical apps: Silverado, Sierra, Tahoe, Suburban, Camaro, Corvette, Express, Astro",GM,160.01,used,A-07-3,,casting,24232557,unverified
JP-CSE-10355,4L60E Case / Housing,4L60E,CHI-N,5,4L60E,transmission_hard_parts,"4L60E Case / Housing · No broken ears · typical apps: Silverado, Sierra, Tahoe, Suburban, Camaro, Corvette, Express, Astro",GM,343.28,used,B-08-1,,casting,8680037,unverified
JP-CSE-10357,4L70E Case / Housing,4L60E,CHI-N,3,4L70E,transmission_hard_parts,"4L70E Case / Housing · Bell threads good · typical apps: Silverado, Sierra, Tahoe, Suburban, Camaro, Corvette, Express, Astro",GM,300.78,used,E-09-3,,casting,24232557,unverified
JP-EXT-10193,4L65E Extension Housing,4L60E,CHI-N,4,4L65E,transmission_hard_parts,"4L65E Extension Housing · Bushing serviceable · typical apps: Silverado, Sierra, Tahoe, Suburban, Camaro, Corvette, Express, Astro",GM,128.97,used,B-10-1,,casting,24244058,unverified
JP-EXT-10383,4L70E Extension Housing,4L60E,OHARE,3,4L70E,transmission_hard_parts,"4L70E Extension Housing · Seal bore good · typical apps: Silverado, Sierra, Tahoe, Suburban, Camaro, Corvette, Express, Astro",GM,122.09,used,C-02-3,,casting,24229833,unverified
JP-EXT-10484,4L65E Extension Housing,4L60E,CHI-N,7,4L65E,transmission_hard_parts,"4L65E Extension Housing · Bushing serviceable · typical apps: Silverado, Sierra, Tahoe, Suburban, Camaro, Corvette, Express, Astro",GM,48.40,used,G-01-3,,casting,24222733,unverified
JP-ISH-10241,4L60E Input Shaft,4L60E,CHI-N,6,4L60E,transmission_hard_parts,"4L60E Input Shaft · No crack at seal journal · typical apps: Silverado, Sierra, Tahoe, Suburban, Camaro, Corvette, Express, Astro",GM,91.05,used,A-05-1,,casting,8680037,unverified
JP-ISH-10265,4L60E Input Shaft,4L60E,CHI-N,1,4L60E,transmission_hard_parts,"4L60E Input Shaft · Splines not twisted · typical apps: Silverado, Sierra, Tahoe, Suburban, Camaro, Corvette, Express, Astro",GM,61.18,used,F-02-3,,casting,24229833,unverified
JP-ISH-10394,4L65E Input Shaft,4L60E,CHI-N,9,4L65E,transmission_hard_parts,"4L65E Input Shaft · No crack at seal journal · typical apps: Silverado, Sierra, Tahoe, Suburban, Camaro, Corvette, Express, Astro",GM,63.14,used,A-02-2,,casting,24232557,unverified
JP-OSH-10314,4L60E Output Shaft,4L60E,CHI-N,7,4L60E,transmission_hard_parts,"4L60E Output Shaft · Bushing journals good · typical apps: Silverado, Sierra, Tahoe, Suburban, Camaro, Corvette, Express, Astro",GM,56.98,used,F-05-1,,casting,24222733,unverified
JP-OSH-10325,4L60E Output Shaft,4L60E,CHI-N,1,4L60E,transmission_hard_parts,"4L60E Output Shaft · Bushing journals good · typical apps: Silverado, Sierra, Tahoe, Suburban, Camaro, Corvette, Express, Astro",GM,176.07,used,H-07-2,,casting,24229833,unverified
JP-PLF-10177,4L60E Planetary Assembly - Front,4L60E,CHI-N,8,4L60E,transmission_hard_parts,"4L60E Planetary Assembly - Front · Pinions tight · typical apps: Silverado, Sierra, Tahoe, Suburban, Camaro, Corvette, Express, Astro",GM,64.22,used,C-03-1,,casting,24232557,unverified
JP-PLF-10239,4L65E Planetary Assembly - Front,4L60E,CHI-N,7,4L65E,transmission_hard_parts,"4L65E Planetary Assembly - Front · Pinions tight · typical apps: Silverado, Sierra, Tahoe, Suburban, Camaro, Corvette, Express, Astro",GM,141.25,used,H-07-1,,casting,24244058,unverified
JP-PLF-10320,4L60E Planetary Assembly - Front,4L60E,OHARE,3,4L60E,transmission_hard_parts,"4L60E Planetary Assembly - Front · No heat discoloration · typical apps: Silverado, Sierra, Tahoe, Suburban, Camaro, Corvette, Express, Astro",GM,96.80,used,D-12-1,,casting,24232557,unverified
JP-PLF-10367,4L70E Planetary Assembly - Front,4L60E,CHI-N,4,4L70E,transmission_hard_parts,"4L70E Planetary Assembly - Front · No heat discoloration · typical apps: Silverado, Sierra, Tahoe, Suburban, Camaro, Corvette, Express, Astro",GM,75.93,used,A-09-1,,casting,24229833,unverified
JP-PLF-10379,4L70E Planetary Assembly - Front,4L60E,OHARE,1,4L70E,transmission_hard_parts,"4L70E Planetary Assembly - Front · Lugs intact · typical apps: Silverado, Sierra, Tahoe, Suburban, Camaro, Corvette, Express, Astro",GM,89.83,used,G-03-2,,casting,24232557,unverified
JP-PLF-10384,4L70E Planetary Assembly - Front,4L60E,CHI-N,10,4L70E,transmission_hard_parts,"4L70E Planetary Assembly - Front · No heat discoloration · typical apps: Silverado, Sierra, Tahoe, Suburban, Camaro, Corvette, Express, Astro",GM,166.54,used,E-04-1,,casting,24222733,unverified
JP-PLF-10386,4L65E Planetary Assembly - Front,4L60E,CHI-N,10,4L65E,transmission_hard_parts,"4L65E Planetary Assembly - Front · Pinions tight · typical apps: Silverado, Sierra, Tahoe, Suburban, Camaro, Corvette, Express, Astro",GM,61.58,used,E-11-3,,casting,24222733,unverified
JP-PLF-10439,4L60E Planetary Assembly - Front,4L60E,CHI-N,9,4L60E,transmission_hard_parts,"4L60E Planetary Assembly - Front · No heat discoloration · typical apps: Silverado, Sierra, Tahoe, Suburban, Camaro, Corvette, Express, Astro",GM,58.86,used,D-04-2,,casting,24229833,unverified
JP-PLF-10442,4L70E Planetary Assembly - Front,4L60E,CHI-N,4,4L70E,transmission_hard_parts,"4L70E Planetary Assembly - Front · No heat discoloration · typical apps: Silverado, Sierra, Tahoe, Suburban, Camaro, Corvette, Express, Astro",GM,162.50,used,D-09-2,,casting,24244058,unverified
JP-PLF-10448,4L60E Planetary Assembly - Front,4L60E,CHI-N,9,4L60E,transmission_hard_parts,"4L60E Planetary Assembly - Front · Pinions tight · typical apps: Silverado, Sierra, Tahoe, Suburban, Camaro, Corvette, Express, Astro",GM,110.15,used,G-09-1,,casting,24222733,unverified
JP-PLF-10472,4L70E Planetary Assembly - Front,4L60E,OHARE,4,4L70E,transmission_hard_parts,"4L70E Planetary Assembly - Front · Lugs intact · typical apps: Silverado, Sierra, Tahoe, Suburban, Camaro, Corvette, Express, Astro",GM,94.58,used,G-01-3,,casting,8680037,unverified
JP-PLR-10187,4L60E Planetary Assembly - Rear,4L60E,CHI-N,5,4L60E,transmission_hard_parts,"4L60E Planetary Assembly - Rear · 5-pinion · typical apps: Silverado, Sierra, Tahoe, Suburban, Camaro, Corvette, Express, Astro",GM,101.72,used,F-11-2,,casting,24222733,unverified
JP-PLR-10398,4L65E Planetary Assembly - Rear,4L60E,OHARE,3,4L65E,transmission_hard_parts,"4L65E Planetary Assembly - Rear · Washer stack complete · typical apps: Silverado, Sierra, Tahoe, Suburban, Camaro, Corvette, Express, Astro",GM,101.88,used,A-10-2,,casting,24244058,unverified
JP-PLR-10449,4L65E Planetary Assembly - Rear,4L60E,OHARE,4,4L65E,transmission_hard_parts,"4L65E Planetary Assembly - Rear · 4-pinion · typical apps: Silverado, Sierra, Tahoe, Suburban, Camaro, Corvette, Express, Astro",GM,135.24,used,D-07-2,,casting,24222733,unverified
JP-SRV-10275,4L70E Servo Assembly,4L60E,OHARE,13,4L70E,transmission_hard_parts,"4L70E Servo Assembly · Pin not scored · typical apps: Silverado, Sierra, Tahoe, Suburban, Camaro, Corvette, Express, Astro",GM,78.05,used,H-07-1,,casting,24232557,unverified
JP-SRV-10434,4L65E Servo Assembly,4L60E,OHARE,13,4L65E,transmission_hard_parts,"4L65E Servo Assembly · Cover included · typical apps: Silverado, Sierra, Tahoe, Suburban, Camaro, Corvette, Express, Astro",GM,35.81,used,H-01-2,,casting,24244058,unverified
JP-SRV-10496,4L60E Servo Assembly,4L60E,CHI-N,12,4L60E,transmission_hard_parts,"4L60E Servo Assembly · Pin not scored · typical apps: Silverado, Sierra, Tahoe, Suburban, Camaro, Corvette, Express, Astro",GM,29.17,used,E-10-1,,casting,8680037,unverified
JP-SSH-10201,4L60E Sun Shell / Reaction Shell,4L60E,CHI-N,5,4L60E,transmission_hard_parts,"4L60E Sun Shell / Reaction Shell · Common wear item · typical apps: Silverado, Sierra, Tahoe, Suburban, Camaro, Corvette, Express, Astro",GM,49.29,used,D-12-3,,casting,24217354,unverified
JP-SSH-10247,4L65E Sun Shell / Reaction Shell,4L60E,CHI-N,3,4L65E,transmission_hard_parts,"4L65E Sun Shell / Reaction Shell · Common wear item · typical apps: Silverado, Sierra, Tahoe, Suburban, Camaro, Corvette, Express, Astro",GM,93.95,used,E-06-1,,casting,24244058,unverified
JP-SSH-10259,4L65E Sun Shell / Reaction Shell,4L60E,CHI-N,15,4L65E,transmission_hard_parts,"4L65E Sun Shell / Reaction Shell · Lugs not stripped · typical apps: Silverado, Sierra, Tahoe, Suburban, Camaro, Corvette, Express, Astro",GM,45.03,used,D-09-2,,casting,24229833,unverified
JP-SSH-10375,4L60E Sun Shell / Reaction Shell,4L60E,CHI-N,8,4L60E,transmission_hard_parts,"4L60E Sun Shell / Reaction Shell · Crack-checked · typical apps: Silverado, Sierra, Tahoe, Suburban, Camaro, Corvette, Express, Astro",GM,72.00,used,E-11-2,,casting,24222733,unverified
JP-SSH-10403,4L60E Sun Shell / Reaction Shell,4L60E,CHI-N,6,4L60E,transmission_hard_parts,"4L60E Sun Shell / Reaction Shell · Lugs not stripped · typical apps: Silverado, Sierra, Tahoe, Suburban, Camaro, Corvette, Express, Astro",GM,44.21,used,C-05-3,,casting,24232557,unverified
JP-SSH-10473,4L60E Sun Shell / Reaction Shell,4L60E,CHI-N,11,4L60E,transmission_hard_parts,"4L60E Sun Shell / Reaction Shell · Lugs not stripped · typical apps: Silverado, Sierra, Tahoe, Suburban, Camaro, Corvette, Express, Astro",GM,89.54,used,D-01-3,,casting,24217354,unverified
JP-TC-10191,4L70E Torque Converter,4L60E,CHI-N,19,4L70E,transmission_hard_parts,"4L70E Torque Converter · Stall unknown — sold as used · typical apps: Silverado, Sierra, Tahoe, Suburban, Camaro, Corvette, Express, Astro",GM,179.62,used,F-05-1,,casting,24222733,unverified
JP-TC-10208,4L60E Torque Converter,4L60E,CHI-N,19,4L60E,transmission_hard_parts,"4L60E Torque Converter · Hub not scored · typical apps: Silverado, Sierra, Tahoe, Suburban, Camaro, Corvette, Express, Astro",GM,170.86,used,G-06-1,,casting,24232557,unverified
JP-TC-10228,4L65E Torque Converter,4L60E,CHI-N,10,4L65E,transmission_hard_parts,"4L65E Torque Converter · Pilot good · typical apps: Silverado, Sierra, Tahoe, Suburban, Camaro, Corvette, Express, Astro",GM,140.67,used,D-08-1,,casting,8680037,unverified
JP-TC-10253,4L60E Torque Converter,4L60E,CHI-N,11,4L60E,transmission_hard_parts,"4L60E Torque Converter · Pilot good · typical apps: Silverado, Sierra, Tahoe, Suburban, Camaro, Corvette, Express, Astro",GM,146.43,used,E-08-3,,casting,24222733,unverified
JP-TC-10263,4L60E Torque Converter,4L60E,CHI-N,9,4L60E,transmission_hard_parts,"4L60E Torque Converter · Stall unknown — sold as used · typical apps: Silverado, Sierra, Tahoe, Suburban, Camaro, Corvette, Express, Astro",GM,180.72,used,B-05-3,,casting,24222733,unverified
JP-TC-10264,4L65E Torque Converter,4L60E,CHI-N,17,4L65E,transmission_hard_parts,"4L65E Torque Converter · Hub not scored · typical apps: Silverado, Sierra, Tahoe, Suburban, Camaro, Corvette, Express, Astro",GM,149.78,used,B-12-2,,casting,24222733,unverified
JP-TC-10423,4L65E Torque Converter,4L60E,CHI-N,22,4L65E,transmission_hard_parts,"4L65E Torque Converter · Stall unknown — sold as used · typical apps: Silverado, Sierra, Tahoe, Suburban, Camaro, Corvette, Express, Astro",GM,169.10,used,D-01-3,,casting,8680037,unverified
JP-TC-10458,4L70E Torque Converter,4L60E,CHI-N,12,4L70E,transmission_hard_parts,"4L70E Torque Converter · Pilot good · typical apps: Silverado, Sierra, Tahoe, Suburban, Camaro, Corvette, Express, Astro",GM,158.50,used,B-07-2,,casting,24217354,unverified
JP-TC-10494,4L70E Torque Converter,4L60E,CHI-N,7,4L70E,transmission_hard_parts,"4L70E Torque Converter · Stall unknown — sold as used · typical apps: Silverado, Sierra, Tahoe, Suburban, Camaro, Corvette, Express, Astro",GM,161.46,used,H-11-2,,casting,24244058,unverified
JP-TCM-10243,4L70E TEHCM / Control Module,4L60E,OHARE,1,4L70E,transmission_hard_parts,"4L70E TEHCM / Control Module · Untested — sold as-is used · typical apps: Silverado, Sierra, Tahoe, Suburban, Camaro, Corvette, Express, Astro",GM,224.94,used,E-10-2,,casting,8680037,unverified
JP-TCM-10261,4L65E TEHCM / Control Module,4L60E,CHI-N,3,4L65E,transmission_hard_parts,"4L65E TEHCM / Control Module · Connector pins straight · typical apps: Silverado, Sierra, Tahoe, Suburban, Camaro, Corvette, Express, Astro",GM,281.56,used,E-03-1,,casting,24232557,unverified
JP-TCM-10268,4L60E TEHCM / Control Module,4L60E,CHI-N,1,4L60E,transmission_hard_parts,"4L60E TEHCM / Control Module · Connector pins straight · typical apps: Silverado, Sierra, Tahoe, Suburban, Camaro, Corvette, Express, Astro",GM,233.99,used,A-03-1,,casting,24229833,unverified
JP-IDR-10307,4L70E Input Drum,4L60E,CHI-N,4,4L70E,transmission_hard_parts,"4L70E Input Drum · Splines good · typical apps: Silverado, Sierra, Tahoe, Suburban, Camaro, Corvette, Express, Astro",GM,123.69,used,G-01-1,drum,casting,8680037,unverified
JP-IDR-10345,4L60E Input Drum,4L60E,OHARE,2,4L60E,transmission_hard_parts,"4L60E Input Drum · No blown snap-ring groove · typical apps: Silverado, Sierra, Tahoe, Suburban, Camaro, Corvette, Express, Astro",GM,92.65,used,F-03-2,drum,casting,24222733,unverified
JP-IDR-10368,4L60E Input Drum,4L60E,OHARE,4,4L60E,transmission_hard_parts,"4L60E Input Drum · Piston bores clean · typical apps: Silverado, Sierra, Tahoe, Suburban, Camaro, Corvette, Express, Astro",GM,124.68,used,F-10-1,drum,casting,24217354,unverified
JP-IDR-10460,4L70E Input Drum,4L60E,CHI-N,4,4L70E,transmission_hard_parts,"4L70E Input Drum · Splines good · typical apps: Silverado, Sierra, Tahoe, Suburban, Camaro, Corvette, Express, Astro",GM,79.53,used,B-08-2,drum,casting,24222733,unverified
JP-RDR-10271,4L70E Reverse Input Drum,4L60E,CHI-N,2,4L70E,transmission_hard_parts,"4L70E Reverse Input Drum · Lug area intact · typical apps: Silverado, Sierra, Tahoe, Suburban, Camaro, Corvette, Express, Astro",GM,105.44,used,F-04-1,drum,casting,24229833,unverified
JP-RDR-10438,4L70E Reverse Input Drum,4L60E,CHI-N,7,4L70E,transmission_hard_parts,"4L70E Reverse Input Drum · Bushing OK · typical apps: Silverado, Sierra, Tahoe, Suburban, Camaro, Corvette, Express, Astro",GM,92.70,used,F-01-1,drum,casting,24229833,unverified
JP-PMP-10157,4L60E Pump Assembly,4L60E,CHI-N,8,4L60E,transmission_hard_parts,"4L60E Pump Assembly · O-ring groove present · typical apps: Silverado, Sierra, Tahoe, Suburban, Camaro, Corvette, Express, Astro",GM,262.31,used,A-03-1,pump,casting,8680037,unverified
JP-PMP-10162,4L60E Pump Assembly,4L60E,OHARE,5,4L60E,transmission_hard_parts,"4L60E Pump Assembly · 300mm wedge · typical apps: Silverado, Sierra, Tahoe, Suburban, Camaro, Corvette, Express, Astro",GM,108.36,used,A-06-3,pump,casting,8680037,unverified
JP-PMP-10166,4L70E Pump Assembly,4L60E,CHI-N,6,4L70E,transmission_hard_parts,"4L70E Pump Assembly · O-ring groove present · typical apps: Silverado, Sierra, Tahoe, Suburban, Camaro, Corvette, Express, Astro",GM,302.73,used,F-03-2,pump,casting,24232557,unverified
JP-PMP-10223,4L65E Pump Assembly,4L60E,CHI-N,6,4L65E,transmission_hard_parts,"4L65E Pump Assembly · Rotor and vanes present · typical apps: Silverado, Sierra, Tahoe, Suburban, Camaro, Corvette, Express, Astro",GM,123.15,used,E-08-2,pump,casting,8680037,unverified
JP-PMP-10246,4L60E Pump Assembly,4L60E,CHI-N,3,4L60E,transmission_hard_parts,"4L60E Pump Assembly · 298mm · typical apps: Silverado, Sierra, Tahoe, Suburban, Camaro, Corvette, Express, Astro",GM,107.74,used,D-05-1,pump,casting,8680037,unverified
JP-PMP-10318,4L60E Pump Assembly,4L60E,CHI-N,4,4L60E,transmission_hard_parts,"4L60E Pump Assembly · 298mm · typical apps: Silverado, Sierra, Tahoe, Suburban, Camaro, Corvette, Express, Astro",GM,312.26,used,G-04-2,pump,casting,24222733,unverified
JP-PMP-10370,4L70E Pump Assembly,4L60E,OHARE,1,4L70E,transmission_hard_parts,"4L70E Pump Assembly · 298mm · typical apps: Silverado, Sierra, Tahoe, Suburban, Camaro, Corvette, Express, Astro",GM,213.49,used,B-06-3,pump,casting,24244058,unverified
JP-PMP-10461,4L65E Pump Assembly,4L60E,OHARE,9,4L65E,transmission_hard_parts,"4L65E Pump Assembly · O-ring groove present · typical apps: Silverado, Sierra, Tahoe, Suburban, Camaro, Corvette, Express, Astro",GM,314.22,used,E-06-2,pump,casting,24244058,unverified
4L60E-VB-01,4L60E Valve Body,4L60E,CHI-N,12,4L60E,transmission_hard_parts,4L60E valve body · JP pilot top-up (canonical demo SKU),GM,,used,JP-VB-A1,valve body,,,unverified
JP-VB-10174,4L70E Valve Body,4L60E,CHI-N,17,4L70E,transmission_hard_parts,"4L70E Valve Body · Inspected, no cracked casting · typical apps: Silverado, Sierra, Tahoe, Suburban, Camaro, Corvette, Express, Astro",GM,225.89,used,C-12-1,valve body,casting,24217354,unverified
JP-VB-10215,4L65E Valve Body,4L60E,CHI-N,6,4L65E,transmission_hard_parts,"4L65E Valve Body · Checkball inventory complete · typical apps: Silverado, Sierra, Tahoe, Suburban, Camaro, Corvette, Express, Astro",GM,209.23,used,D-08-1,valve body,casting,8680037,unverified
JP-VB-10222,4L65E Valve Body,4L60E,CHI-N,18,4L65E,transmission_hard_parts,"4L65E Valve Body · Inspected, no cracked casting · typical apps: Silverado, Sierra, Tahoe, Suburban, Camaro, Corvette, Express, Astro",GM,231.20,used,F-02-3,valve body,casting,8680037,unverified
JP-VB-10332,4L65E Valve Body,4L60E,CHI-N,9,4L65E,transmission_hard_parts,"4L65E Valve Body · Inspected, no cracked casting · typical apps: Silverado, Sierra, Tahoe, Suburban, Camaro, Corvette, Express, Astro",GM,253.96,used,B-05-3,valve body,casting,24232557,unverified
JP-VB-10354,4L70E Valve Body,4L60E,OHARE,2,4L70E,transmission_hard_parts,"4L70E Valve Body · Checkball inventory complete · typical apps: Silverado, Sierra, Tahoe, Suburban, Camaro, Corvette, Express, Astro",GM,129.27,used,E-11-1,valve body,casting,24217354,unverified
JP-VB-10405,4L65E Valve Body,4L60E,OHARE,7,4L65E,transmission_hard_parts,"4L65E Valve Body · Solenoids not included · typical apps: Silverado, Sierra, Tahoe, Suburban, Camaro, Corvette, Express, Astro",GM,198.94,used,G-09-1,valve body,casting,24229833,unverified
JP-VB-10477,4L65E Valve Body,4L60E,CHI-N,18,4L65E,transmission_hard_parts,"4L65E Valve Body · Solenoids not included · typical apps: Silverado, Sierra, Tahoe, Suburban, Camaro, Corvette, Express, Astro",GM,116.54,used,E-06-2,valve body,casting,8680037,unverified
JP-VB-10490,4L60E Valve Body,4L60E,CHI-N,17,4L60E,transmission_hard_parts,"4L60E Valve Body · Separator plate included · typical apps: Silverado, Sierra, Tahoe, Suburban, Camaro, Corvette, Express, Astro",GM,187.50,used,A-01-3,valve body,casting,24222733,unverified
JP-BEL-10160,4L85E Bellhousing,4L80E,CHI-N,2,4L85E,transmission_hard_parts,"4L85E Bellhousing · Starter nose intact · typical apps: Silverado HD, Sierra HD, Suburban 2500, Express 2500/3500, Hummer H1/H2",GM,107.13,used,C-03-3,,casting,24222755,unverified
JP-BEL-10444,4L80E Bellhousing,4L80E,OHARE,0,4L80E,transmission_hard_parts,"4L80E Bellhousing · Starter nose intact · typical apps: Silverado HD, Sierra HD, Suburban 2500, Express 2500/3500, Hummer H1/H2",GM,181.49,used,A-10-2,,casting,24208577,unverified
JP-COR-10011,4L80E Core Assembly,4L80E,CHI-N,1,4L80E,transmission_hard_parts,"4L80E Core Assembly · Complete core · Front pump turns freely · typical apps: Silverado HD, Sierra HD, Suburban 2500, Express 2500/3500, Hummer H1/H2",GM,476.98,core,C-03-1,,casting,8680114,unverified
JP-COR-10013,4L80E Core Assembly,4L80E,CHI-N,2,4L80E,transmission_hard_parts,"4L80E Core Assembly · Complete core · Tag code photographed · typical apps: Silverado HD, Sierra HD, Suburban 2500, Express 2500/3500, Hummer H1/H2",GM,275.47,core,C-05-2,,casting,24222755,unverified
JP-COR-10019,4L85E Core Assembly,4L80E,CHI-N,1,4L85E,transmission_hard_parts,"4L85E Core Assembly · Complete core · Late-model — verify software family before rebuild · typical apps: Silverado HD, Sierra HD, Suburban 2500, Express 2500/3500, Hummer H1/H2",GM,575.15,core,A-10-3,,casting,24208577,unverified
JP-COR-10045,4L80E Core Assembly,4L80E,CHI-N,2,4L80E,transmission_hard_parts,"4L80E Core Assembly · Complete core · Front pump turns freely · typical apps: Silverado HD, Sierra HD, Suburban 2500, Express 2500/3500, Hummer H1/H2",GM,363.07,core,F-10-3,,casting,24208577,unverified
JP-COR-10063,4L80E Core Assembly,4L80E,CHI-N,2,4L80E,transmission_hard_parts,"4L80E Core Assembly · Complete core · Core deposit applies on sale · typical apps: Silverado HD, Sierra HD, Suburban 2500, Express 2500/3500, Hummer H1/H2",GM,492.73,core,A-04-3,,casting,8680114,unverified
JP-COR-10068,4L85E Core Assembly,4L80E,CHI-N,1,4L85E,transmission_hard_parts,"4L85E Core Assembly · Complete core · Converter included, untested · typical apps: Silverado HD, Sierra HD, Suburban 2500, Express 2500/3500, Hummer H1/H2",GM,410.75,core,C-02-1,,casting,24231156,unverified
JP-COR-10071,4L80E Core Assembly,4L80E,CHI-N,3,4L80E,transmission_hard_parts,"4L80E Core Assembly · Complete core · Pan off, magnets clean · typical apps: Silverado HD, Sierra HD, Suburban 2500, Express 2500/3500, Hummer H1/H2",GM,493.33,core,D-09-2,,casting,24222755,unverified
JP-COR-10074,4L85E Core Assembly,4L80E,CHI-N,5,4L85E,transmission_hard_parts,"4L85E Core Assembly · Complete core · Front pump turns freely · typical apps: Silverado HD, Sierra HD, Suburban 2500, Express 2500/3500, Hummer H1/H2",GM,461.70,core,H-10-1,,casting,24222755,unverified
JP-COR-10078,4L80E Core Assembly,4L80E,CHI-N,1,4L80E,transmission_hard_parts,"4L80E Core Assembly · Complete core · Front pump turns freely · typical apps: Silverado HD, Sierra HD, Suburban 2500, Express 2500/3500, Hummer H1/H2",GM,469.21,core,H-08-3,,casting,24222755,unverified
JP-COR-10082,4L85E Core Assembly,4L80E,CHI-N,3,4L85E,transmission_hard_parts,"4L85E Core Assembly · Complete core · No electronics / TEHCM missing · typical apps: Silverado HD, Sierra HD, Suburban 2500, Express 2500/3500, Hummer H1/H2",GM,487.70,used,C-10-3,,casting,24222755,unverified
JP-COR-10088,4L80E Core Assembly,4L80E,CHI-N,3,4L80E,transmission_hard_parts,"4L80E Core Assembly · Complete core · Core deposit applies on sale · typical apps: Silverado HD, Sierra HD, Suburban 2500, Express 2500/3500, Hummer H1/H2",GM,418.51,core,D-10-1,,casting,24231156,unverified
JP-COR-10096,4L85E Core Assembly,4L80E,CHI-N,5,4L85E,transmission_hard_parts,"4L85E Core Assembly · Complete core · No electronics / TEHCM missing · typical apps: Silverado HD, Sierra HD, Suburban 2500, Express 2500/3500, Hummer H1/H2",GM,539.90,core,D-03-2,,casting,8680114,unverified
JP-COR-10138,4L85E Core Assembly,4L80E,CHI-N,1,4L85E,transmission_hard_parts,"4L85E Core Assembly · Complete core · Converter included, untested · typical apps: Silverado HD, Sierra HD, Suburban 2500, Express 2500/3500, Hummer H1/H2",GM,377.31,core,G-12-2,,casting,24208577,unverified
JP-COR-10139,4L80E Core Assembly,4L80E,CHI-N,1,4L80E,transmission_hard_parts,"4L80E Core Assembly · Complete core · Core deposit applies on sale · typical apps: Silverado HD, Sierra HD, Suburban 2500, Express 2500/3500, Hummer H1/H2",GM,365.69,core,G-08-3,,casting,24222755,unverified
JP-EXT-10180,4L80E Extension Housing,4L80E,OHARE,2,4L80E,transmission_hard_parts,"4L80E Extension Housing · Bushing serviceable · typical apps: Silverado HD, Sierra HD, Suburban 2500, Express 2500/3500, Hummer H1/H2",GM,82.56,used,G-12-1,,casting,24208577,unverified
JP-EXT-10184,4L80E Extension Housing,4L80E,CHI-N,3,4L80E,transmission_hard_parts,"4L80E Extension Housing · Seal bore good · typical apps: Silverado HD, Sierra HD, Suburban 2500, Express 2500/3500, Hummer H1/H2",GM,117.44,used,C-10-2,,casting,24231156,unverified
JP-EXT-10480,4L80E Extension Housing,4L80E,OHARE,2,4L80E,transmission_hard_parts,"4L80E Extension Housing · Seal bore good · typical apps: Silverado HD, Sierra HD, Suburban 2500, Express 2500/3500, Hummer H1/H2",GM,56.74,used,A-04-3,,casting,24222755,unverified
JP-ISH-10165,4L80E Input Shaft,4L80E,OHARE,1,4L80E,transmission_hard_parts,"4L80E Input Shaft · No crack at seal journal · typical apps: Silverado HD, Sierra HD, Suburban 2500, Express 2500/3500, Hummer H1/H2",GM,58.05,used,D-02-2,,casting,24222755,unverified
JP-PLF-10250,4L80E Planetary Assembly - Front,4L80E,CHI-N,3,4L80E,transmission_hard_parts,"4L80E Planetary Assembly - Front · Pinions tight · typical apps: Silverado HD, Sierra HD, Suburban 2500, Express 2500/3500, Hummer H1/H2",GM,140.56,used,H-04-2,,casting,24231156,unverified
JP-PLF-10251,4L85E Planetary Assembly - Front,4L80E,CHI-N,3,4L85E,transmission_hard_parts,"4L85E Planetary Assembly - Front · Lugs intact · typical apps: Silverado HD, Sierra HD, Suburban 2500, Express 2500/3500, Hummer H1/H2",GM,170.40,used,H-02-1,,casting,24222755,unverified
JP-PLF-10414,4L80E Planetary Assembly - Front,4L80E,CHI-N,6,4L80E,transmission_hard_parts,"4L80E Planetary Assembly - Front · Lugs intact · typical apps: Silverado HD, Sierra HD, Suburban 2500, Express 2500/3500, Hummer H1/H2",GM,173.92,used,C-08-1,,casting,24231156,unverified
JP-PLR-10333,4L80E Planetary Assembly - Rear,4L80E,CHI-N,7,4L80E,transmission_hard_parts,"4L80E Planetary Assembly - Rear · 5-pinion · typical apps: Silverado HD, Sierra HD, Suburban 2500, Express 2500/3500, Hummer H1/H2",GM,95.53,used,B-07-2,,casting,24222755,unverified
JP-SRV-10202,4L85E Servo Assembly,4L80E,CHI-N,12,4L85E,transmission_hard_parts,"4L85E Servo Assembly · Cover included · typical apps: Silverado HD, Sierra HD, Suburban 2500, Express 2500/3500, Hummer H1/H2",GM,66.94,used,H-03-1,,casting,24208577,unverified
JP-SRV-10219,4L80E Servo Assembly,4L80E,CHI-N,10,4L80E,transmission_hard_parts,"4L80E Servo Assembly · Cover included · typical apps: Silverado HD, Sierra HD, Suburban 2500, Express 2500/3500, Hummer H1/H2",GM,44.51,used,C-09-3,,casting,24222755,unverified
JP-SRV-10422,4L80E Servo Assembly,4L80E,CHI-N,6,4L80E,transmission_hard_parts,"4L80E Servo Assembly · Pin not scored · typical apps: Silverado HD, Sierra HD, Suburban 2500, Express 2500/3500, Hummer H1/H2",GM,25.73,used,G-03-2,,casting,8680114,unverified
JP-SSH-10269,4L80E Sun Shell / Reaction Shell,4L80E,CHI-N,7,4L80E,transmission_hard_parts,"4L80E Sun Shell / Reaction Shell · Crack-checked · typical apps: Silverado HD, Sierra HD, Suburban 2500, Express 2500/3500, Hummer H1/H2",GM,90.83,used,H-10-3,,casting,8680114,unverified
JP-SSH-10462,4L80E Sun Shell / Reaction Shell,4L80E,CHI-N,6,4L80E,transmission_hard_parts,"4L80E Sun Shell / Reaction Shell · Crack-checked · typical apps: Silverado HD, Sierra HD, Suburban 2500, Express 2500/3500, Hummer H1/H2",GM,73.63,used,F-08-2,,casting,8680114,unverified
JP-TC-10254,4L85E Torque Converter,4L80E,CHI-N,6,4L85E,transmission_hard_parts,"4L85E Torque Converter · Hub not scored · typical apps: Silverado HD, Sierra HD, Suburban 2500, Express 2500/3500, Hummer H1/H2",GM,227.72,used,G-04-1,,casting,8680114,unverified
JP-TC-10288,4L85E Torque Converter,4L80E,CHI-N,10,4L85E,transmission_hard_parts,"4L85E Torque Converter · Lockup, visually inspected · typical apps: Silverado HD, Sierra HD, Suburban 2500, Express 2500/3500, Hummer H1/H2",GM,161.16,used,D-02-2,,casting,24222755,unverified
JP-TC-10330,4L80E Torque Converter,4L80E,CHI-N,13,4L80E,transmission_hard_parts,"4L80E Torque Converter · Stall unknown — sold as used · typical apps: Silverado HD, Sierra HD, Suburban 2500, Express 2500/3500, Hummer H1/H2",GM,231.43,used,B-03-2,,casting,24222755,unverified
JP-TC-10344,4L80E Torque Converter,4L80E,CHI-N,5,4L80E,transmission_hard_parts,"4L80E Torque Converter · Stall unknown — sold as used · typical apps: Silverado HD, Sierra HD, Suburban 2500, Express 2500/3500, Hummer H1/H2",GM,197.71,used,E-11-2,,casting,24222755,unverified
JP-TC-10364,4L85E Torque Converter,4L80E,CHI-N,22,4L85E,transmission_hard_parts,"4L85E Torque Converter · Hub not scored · typical apps: Silverado HD, Sierra HD, Suburban 2500, Express 2500/3500, Hummer H1/H2",GM,199.11,used,C-11-2,,casting,8680114,unverified
JP-TCM-10481,4L85E TEHCM / Control Module,4L80E,OHARE,3,4L85E,transmission_hard_parts,"4L85E TEHCM / Control Module · Connector pins straight · typical apps: Silverado HD, Sierra HD, Suburban 2500, Express 2500/3500, Hummer H1/H2",GM,179.66,used,C-08-1,,casting,24208577,unverified
JP-IDR-10229,4L80E Input Drum,4L80E,CHI-N,2,4L80E,transmission_hard_parts,"4L80E Input Drum · No blown snap-ring groove · typical apps: Silverado HD, Sierra HD, Suburban 2500, Express 2500/3500, Hummer H1/H2",GM,69.16,used,G-07-3,drum,casting,24222755,unverified
JP-IDR-10237,4L85E Input Drum,4L80E,OHARE,1,4L85E,transmission_hard_parts,"4L85E Input Drum · Splines good · typical apps: Silverado HD, Sierra HD, Suburban 2500, Express 2500/3500, Hummer H1/H2",GM,163.31,used,G-02-3,drum,casting,8680114,unverified
JP-IDR-10453,4L80E Input Drum,4L80E,CHI-N,1,4L80E,transmission_hard_parts,"4L80E Input Drum · Piston bores clean · typical apps: Silverado HD, Sierra HD, Suburban 2500, Express 2500/3500, Hummer H1/H2",GM,128.25,used,C-05-3,drum,casting,24222755,unverified
JP-IDR-10497,4L85E Input Drum,4L80E,CHI-N,8,4L85E,transmission_hard_parts,"4L85E Input Drum · Splines good · typical apps: Silverado HD, Sierra HD, Suburban 2500, Express 2500/3500, Hummer H1/H2",GM,103.87,used,B-08-3,drum,casting,8680114,unverified
JP-RDR-10233,4L80E Reverse Input Drum,4L80E,CHI-N,1,4L80E,transmission_hard_parts,"4L80E Reverse Input Drum · Bushing OK · typical apps: Silverado HD, Sierra HD, Suburban 2500, Express 2500/3500, Hummer H1/H2",GM,129.37,used,H-05-1,drum,casting,24231156,unverified
JP-PMP-10163,4L80E Pump Assembly,4L80E,CHI-N,9,4L80E,transmission_hard_parts,"4L80E Pump Assembly · Bushing serviceable · typical apps: Silverado HD, Sierra HD, Suburban 2500, Express 2500/3500, Hummer H1/H2",GM,246.88,used,G-08-3,pump,casting,24222755,unverified
JP-PMP-10248,4L85E Pump Assembly,4L80E,OHARE,9,4L85E,transmission_hard_parts,"4L85E Pump Assembly · 298mm · typical apps: Silverado HD, Sierra HD, Suburban 2500, Express 2500/3500, Hummer H1/H2",GM,104.62,used,H-01-1,pump,casting,24222755,unverified
JP-PMP-10416,4L85E Pump Assembly,4L80E,OHARE,7,4L85E,transmission_hard_parts,"4L85E Pump Assembly · 300mm wedge · typical apps: Silverado HD, Sierra HD, Suburban 2500, Express 2500/3500, Hummer H1/H2",GM,284.71,used,H-11-2,pump,casting,8680114,unverified
JP-VB-10141,4L80E Valve Body,4L80E,CHI-N,12,4L80E,transmission_hard_parts,"4L80E Valve Body · Solenoids not included · typical apps: Silverado HD, Sierra HD, Suburban 2500, Express 2500/3500, Hummer H1/H2",GM,107.88,used,F-04-1,valve body,casting,24208577,unverified
JP-VB-10351,4L85E Valve Body,4L80E,CHI-N,10,4L85E,transmission_hard_parts,"4L85E Valve Body · Separator plate included · typical apps: Silverado HD, Sierra HD, Suburban 2500, Express 2500/3500, Hummer H1/H2",GM,230.65,used,B-08-1,valve body,casting,24231156,unverified
JP-VB-10425,4L85E Valve Body,4L80E,OHARE,14,4L85E,transmission_hard_parts,"4L85E Valve Body · Separator plate included · typical apps: Silverado HD, Sierra HD, Suburban 2500, Express 2500/3500, Hummer H1/H2",GM,85.05,used,C-06-2,valve body,casting,24208577,unverified
JP-VB-10454,4L80E Valve Body,4L80E,CHI-N,11,4L80E,transmission_hard_parts,"4L80E Valve Body · Solenoids not included · typical apps: Silverado HD, Sierra HD, Suburban 2500, Express 2500/3500, Hummer H1/H2",GM,226.22,used,G-11-3,valve body,casting,24231156,unverified
JP-COR-10117,4R70W Core Assembly,4R70W,CHI-N,1,4R70W,transmission_hard_parts,"4R70W Core Assembly · Complete core · Core deposit applies on sale · typical apps: F-150, Crown Victoria, Expedition, Mustang",Ford,309.49,core,D-05-1,,casting,1L3P-7A103,unverified
JP-CSE-10479,4R70W Case / Housing,4R70W,CHI-N,5,4R70W,transmission_hard_parts,"4R70W Case / Housing · Pan rail flat · typical apps: F-150, Crown Victoria, Expedition, Mustang",Ford,251.60,used,A-03-1,,casting,1L3P-7A103,unverified
JP-PLF-10195,4R75W Planetary Assembly - Front,4R70W,CHI-N,6,4R75W,transmission_hard_parts,"4R75W Planetary Assembly - Front · Lugs intact · typical apps: F-150, Crown Victoria, Expedition, Mustang",Ford,86.62,used,H-02-1,,casting,F7AP-7A103,unverified
JP-PLF-10382,4R75W Planetary Assembly - Front,4R70W,CHI-N,6,4R75W,transmission_hard_parts,"4R75W Planetary Assembly - Front · Lugs intact · typical apps: F-150, Crown Victoria, Expedition, Mustang",Ford,119.71,used,B-06-2,,casting,1L3P-7A103,unverified
JP-PLR-10400,4R70W Planetary Assembly - Rear,4R70W,CHI-N,3,4R70W,transmission_hard_parts,"4R70W Planetary Assembly - Rear · 4-pinion · typical apps: F-150, Crown Victoria, Expedition, Mustang",Ford,122.13,used,C-05-3,,casting,F7AP-7A103,unverified
JP-PLR-10411,4R75W Planetary Assembly - Rear,4R70W,CHI-N,4,4R75W,transmission_hard_parts,"4R75W Planetary Assembly - Rear · Washer stack complete · typical apps: F-150, Crown Victoria, Expedition, Mustang",Ford,100.06,used,C-05-2,,casting,1L3P-7A103,unverified
JP-VB-10321,4R75W Valve Body,4R70W,CHI-N,17,4R75W,transmission_hard_parts,"4R75W Valve Body · Inspected, no cracked casting · typical apps: F-150, Crown Victoria, Expedition, Mustang",Ford,92.86,used,H-08-3,valve body,casting,F7AP-7A103,unverified
JP-COR-10024,5R55W Core Assembly,5R55S,CHI-N,2,5R55W,transmission_hard_parts,"5R55W Core Assembly · Complete core · Front pump turns freely · typical apps: Explorer, Mustang, Ranger, Mountaineer",Ford,275.30,core,A-09-1,,casting,1L2P-7A103,unverified
JP-COR-10053,5R55S Core Assembly,5R55S,CHI-N,5,5R55S,transmission_hard_parts,"5R55S Core Assembly · Complete core · Late-model — verify software family before rebuild · typical apps: Explorer, Mustang, Ranger, Mountaineer",Ford,243.88,core,F-02-1,,casting,1L2P-7A103,unverified
JP-COR-10112,5R55S Core Assembly,5R55S,CHI-N,1,5R55S,transmission_hard_parts,"5R55S Core Assembly · Complete core · Converter included, untested · typical apps: Explorer, Mustang, Ranger, Mountaineer",Ford,240.87,core,D-03-3,,casting,1L2P-7A103,unverified
JP-CSE-10211,5R55S Case / Housing,5R55S,CHI-N,3,5R55S,transmission_hard_parts,"5R55S Case / Housing · No broken ears · typical apps: Explorer, Mustang, Ranger, Mountaineer",Ford,150.70,used,C-09-2,,casting,1L2P-7A103,unverified
JP-CSE-10361,5R55S Case / Housing,5R55S,CHI-N,3,5R55S,transmission_hard_parts,"5R55S Case / Housing · Pan rail flat · typical apps: Explorer, Mustang, Ranger, Mountaineer",Ford,401.05,used,C-11-1,,casting,5L2P-7A103,unverified
JP-PLF-10380,5R55S Planetary Assembly - Front,5R55S,CHI-N,4,5R55S,transmission_hard_parts,"5R55S Planetary Assembly - Front · Lugs intact · typical apps: Explorer, Mustang, Ranger, Mountaineer",Ford,121.36,used,B-03-3,,casting,5L2P-7A103,unverified
JP-PLR-10207,5R55S Planetary Assembly - Rear,5R55S,CHI-N,2,5R55S,transmission_hard_parts,"5R55S Planetary Assembly - Rear · 5-pinion · typical apps: Explorer, Mustang, Ranger, Mountaineer",Ford,168.79,used,B-04-2,,casting,5L2P-7A103,unverified
JP-SSH-10317,5R55W Sun Shell / Reaction Shell,5R55S,OHARE,13,5R55W,transmission_hard_parts,"5R55W Sun Shell / Reaction Shell · Common wear item · typical apps: Explorer, Mustang, Ranger, Mountaineer",Ford,52.47,used,D-10-2,,casting,5L2P-7A103,unverified
JP-TC-10495,5R55S Torque Converter,5R55S,CHI-N,22,5R55S,transmission_hard_parts,"5R55S Torque Converter · Stall unknown — sold as used · typical apps: Explorer, Mustang, Ranger, Mountaineer",Ford,120.70,used,D-11-1,,casting,5L2P-7A103,unverified
JP-TCM-10420,5R55W TEHCM / Control Module,5R55S,CHI-N,3,5R55W,transmission_hard_parts,"5R55W TEHCM / Control Module · Connector pins straight · typical apps: Explorer, Mustang, Ranger, Mountaineer",Ford,173.47,used,A-06-1,,casting,5L2P-7A103,unverified
JP-RDR-10470,5R55S Reverse Input Drum,5R55S,CHI-N,7,5R55S,transmission_hard_parts,"5R55S Reverse Input Drum · Lug area intact · typical apps: Explorer, Mustang, Ranger, Mountaineer",Ford,142.98,used,F-05-1,drum,casting,5L2P-7A103,unverified
JP-VB-10249,5R55W Valve Body,5R55S,CHI-N,16,5R55W,transmission_hard_parts,"5R55W Valve Body · Solenoids not included · typical apps: Explorer, Mustang, Ranger, Mountaineer",Ford,180.73,used,H-11-1,valve body,casting,5L2P-7A103,unverified
JP-COR-10003,68RFE Core Assembly,68RFE,CHI-N,1,68RFE,transmission_hard_parts,68RFE Core Assembly · Complete core · No electronics / TEHCM missing · typical apps: Ram 2500/3500 diesel,Ram,1024.99,core,D-01-3,,casting,68257464AA,unverified
JP-COR-10022,68RFE Core Assembly,68RFE,CHI-N,2,68RFE,transmission_hard_parts,68RFE Core Assembly · Complete core · Late-model — verify software family before rebuild · typical apps: Ram 2500/3500 diesel,Ram,630.69,core,D-05-2,,casting,52119924AA,unverified
JP-COR-10026,68RFE Core Assembly,68RFE,CHI-N,1,68RFE,transmission_hard_parts,"68RFE Core Assembly · Complete core · Pan off, magnets clean · typical apps: Ram 2500/3500 diesel",Ram,1040.22,core,G-04-1,,casting,52119924AA,unverified
JP-COR-10028,68RFE Core Assembly,68RFE,CHI-N,1,68RFE,transmission_hard_parts,"68RFE Core Assembly · Complete core · Pan off, magnets clean · typical apps: Ram 2500/3500 diesel",Ram,1125.30,core,A-04-3,,casting,68043787AA,unverified
JP-COR-10049,68RFE Core Assembly,68RFE,CHI-N,2,68RFE,transmission_hard_parts,"68RFE Core Assembly · Complete core · Complete as pulled, converter not included · typical apps: Ram 2500/3500 diesel",Ram,730.35,core,G-02-1,,casting,52119924AA,unverified
JP-COR-10054,68RFE Core Assembly,68RFE,CHI-N,1,68RFE,transmission_hard_parts,68RFE Core Assembly · Complete core · Front pump turns freely · typical apps: Ram 2500/3500 diesel,Ram,863.59,core,C-06-3,,casting,68257464AA,unverified
JP-COR-10058,68RFE Core Assembly,68RFE,CHI-N,1,68RFE,transmission_hard_parts,"68RFE Core Assembly · Complete core · Pan off, magnets clean · typical apps: Ram 2500/3500 diesel",Ram,1121.93,core,F-02-3,,casting,68257464AA,unverified
JP-COR-10059,68RFE Core Assembly,68RFE,CHI-N,1,68RFE,transmission_hard_parts,68RFE Core Assembly · Complete core · No electronics / TEHCM missing · typical apps: Ram 2500/3500 diesel,Ram,682.49,core,D-06-3,,casting,52119924AA,unverified
JP-COR-10108,68RFE Core Assembly,68RFE,CHI-N,2,68RFE,transmission_hard_parts,"68RFE Core Assembly · Complete core · Pan off, magnets clean · typical apps: Ram 2500/3500 diesel",Ram,1007.03,used,D-08-3,,casting,68257464AA,unverified
JP-COR-10129,68RFE Core Assembly,68RFE,CHI-N,3,68RFE,transmission_hard_parts,"68RFE Core Assembly · Complete core · Complete as pulled, converter not included · typical apps: Ram 2500/3500 diesel",Ram,853.73,core,F-11-1,,casting,68257464AA,unverified
JP-CSE-10257,68RFE Case / Housing,68RFE,CHI-N,4,68RFE,transmission_hard_parts,68RFE Case / Housing · Bell threads good · typical apps: Ram 2500/3500 diesel,Ram,394.37,used,A-01-2,,casting,68043787AA,unverified
JP-CSE-10356,68RFE Case / Housing,68RFE,CHI-N,1,68RFE,transmission_hard_parts,68RFE Case / Housing · No broken ears · typical apps: Ram 2500/3500 diesel,Ram,389.07,used,D-12-1,,casting,68257464AA,unverified
JP-EXT-10348,68RFE Extension Housing,68RFE,CHI-N,5,68RFE,transmission_hard_parts,68RFE Extension Housing · Seal bore good · typical apps: Ram 2500/3500 diesel,Ram,129.48,used,D-10-2,,casting,52119924AA,unverified
JP-EXT-10437,68RFE Extension Housing,68RFE,CHI-N,7,68RFE,transmission_hard_parts,68RFE Extension Housing · Seal bore good · typical apps: Ram 2500/3500 diesel,Ram,90.58,used,G-01-2,,casting,68257464AA,unverified
JP-PLR-10245,68RFE Planetary Assembly - Rear,68RFE,CHI-N,3,68RFE,transmission_hard_parts,68RFE Planetary Assembly - Rear · Washer stack complete · typical apps: Ram 2500/3500 diesel,Ram,138.47,used,D-01-2,,casting,52119924AA,unverified
JP-PLR-10335,68RFE Planetary Assembly - Rear,68RFE,CHI-N,4,68RFE,transmission_hard_parts,68RFE Planetary Assembly - Rear · Washer stack complete · typical apps: Ram 2500/3500 diesel,Ram,163.43,used,D-05-1,,casting,68257464AA,unverified
JP-SRV-10286,68RFE Servo Assembly,68RFE,OHARE,11,68RFE,transmission_hard_parts,68RFE Servo Assembly · Cover included · typical apps: Ram 2500/3500 diesel,Ram,79.40,used,H-12-1,,casting,68257464AA,unverified
JP-SRV-10293,68RFE Servo Assembly,68RFE,CHI-N,11,68RFE,transmission_hard_parts,68RFE Servo Assembly · Cover included · typical apps: Ram 2500/3500 diesel,Ram,26.31,used,A-05-2,,casting,68043787AA,unverified
JP-SSH-10363,68RFE Sun Shell / Reaction Shell,68RFE,OHARE,13,68RFE,transmission_hard_parts,68RFE Sun Shell / Reaction Shell · Lugs not stripped · typical apps: Ram 2500/3500 diesel,Ram,51.21,used,F-04-2,,casting,52119924AA,unverified
JP-TC-10362,68RFE Torque Converter,68RFE,CHI-N,17,68RFE,transmission_hard_parts,"68RFE Torque Converter · Lockup, visually inspected · typical apps: Ram 2500/3500 diesel",Ram,255.91,used,C-07-2,,casting,52119924AA,unverified
JP-TC-10409,68RFE Torque Converter,68RFE,CHI-N,6,68RFE,transmission_hard_parts,68RFE Torque Converter · Stall unknown — sold as used · typical apps: Ram 2500/3500 diesel,Ram,269.93,used,G-07-1,,casting,52119924AA,unverified
JP-IDR-10189,68RFE Input Drum,68RFE,CHI-N,1,68RFE,transmission_hard_parts,68RFE Input Drum · Piston bores clean · typical apps: Ram 2500/3500 diesel,Ram,196.68,used,C-04-2,drum,casting,52119924AA,unverified
JP-IDR-10376,68RFE Input Drum,68RFE,CHI-N,6,68RFE,transmission_hard_parts,68RFE Input Drum · Piston bores clean · typical apps: Ram 2500/3500 diesel,Ram,105.03,used,G-06-1,drum,casting,68043787AA,unverified
JP-IDR-10451,68RFE Input Drum,68RFE,CHI-N,8,68RFE,transmission_hard_parts,68RFE Input Drum · No blown snap-ring groove · typical apps: Ram 2500/3500 diesel,Ram,111.00,used,A-05-3,drum,casting,52119924AA,unverified
JP-IDR-10467,68RFE Input Drum,68RFE,OHARE,7,68RFE,transmission_hard_parts,68RFE Input Drum · Piston bores clean · typical apps: Ram 2500/3500 diesel,Ram,90.39,used,B-06-3,drum,casting,52119924AA,unverified
JP-PMP-10303,68RFE Pump Assembly,68RFE,OHARE,10,68RFE,transmission_hard_parts,68RFE Pump Assembly · 300mm wedge · typical apps: Ram 2500/3500 diesel,Ram,245.20,used,G-02-2,pump,casting,68043787AA,unverified
JP-PMP-10331,68RFE Pump Assembly,68RFE,CHI-N,12,68RFE,transmission_hard_parts,68RFE Pump Assembly · 300mm wedge · typical apps: Ram 2500/3500 diesel,Ram,263.39,used,D-07-1,pump,casting,68257464AA,unverified
JP-PMP-10463,68RFE Pump Assembly,68RFE,OHARE,12,68RFE,transmission_hard_parts,68RFE Pump Assembly · Rotor and vanes present · typical apps: Ram 2500/3500 diesel,Ram,143.53,used,E-03-2,pump,casting,68043787AA,unverified
JP-VB-10347,68RFE Valve Body,68RFE,CHI-N,18,68RFE,transmission_hard_parts,68RFE Valve Body · Solenoids not included · typical apps: Ram 2500/3500 diesel,Ram,207.42,used,H-06-1,valve body,casting,68043787AA,unverified
JP-BEL-10161,6L80 Bellhousing,6L80,OHARE,5,6L80,transmission_hard_parts,"6L80 Bellhousing · Dowel holes clean · typical apps: Silverado 1500, Sierra 1500, Tahoe, Yukon, Camaro, Corvette, Cadillac CTS",GM,85.73,used,A-10-3,,casting,24248033,unverified
JP-BEL-10308,6L80 Bellhousing,6L80,CHI-N,5,6L80,transmission_hard_parts,"6L80 Bellhousing · Starter nose intact · typical apps: Silverado 1500, Sierra 1500, Tahoe, Yukon, Camaro, Corvette, Cadillac CTS",GM,172.49,used,H-07-1,,casting,24237580,unverified
JP-BEL-10329,6L80E Bellhousing,6L80,CHI-N,5,6L80E,transmission_hard_parts,"6L80E Bellhousing · Dowel holes clean · typical apps: Silverado 1500, Sierra 1500, Tahoe, Yukon, Camaro, Corvette, Cadillac CTS",GM,101.49,used,H-11-3,,casting,24237580,unverified
JP-COR-10009,6L80E Core Assembly,6L80,CHI-N,2,6L80E,transmission_hard_parts,"6L80E Core Assembly · Complete core · Front pump turns freely · typical apps: Silverado 1500, Sierra 1500, Tahoe, Yukon, Camaro, Corvette, Cadillac CTS",GM,534.65,core,E-03-1,,casting,24248034,unverified
JP-COR-10014,6L80E Core Assembly,6L80,CHI-N,1,6L80E,transmission_hard_parts,"6L80E Core Assembly · Complete core · No electronics / TEHCM missing · typical apps: Silverado 1500, Sierra 1500, Tahoe, Yukon, Camaro, Corvette, Cadillac CTS",GM,704.88,core,H-09-3,,casting,24248033,unverified
JP-COR-10015,6L80E Core Assembly,6L80,CHI-N,3,6L80E,transmission_hard_parts,"6L80E Core Assembly · Complete core · Complete as pulled, converter not included · typical apps: Silverado 1500, Sierra 1500, Tahoe, Yukon, Camaro, Corvette, Cadillac CTS",GM,612.17,core,E-11-3,,casting,24236933,unverified
JP-COR-10020,6L80E Core Assembly,6L80,CHI-N,1,6L80E,transmission_hard_parts,"6L80E Core Assembly · Complete core · Converter included, untested · typical apps: Silverado 1500, Sierra 1500, Tahoe, Yukon, Camaro, Corvette, Cadillac CTS",GM,666.17,core,B-04-3,,casting,24248034,unverified
JP-COR-10038,6L80 Core Assembly,6L80,CHI-N,5,6L80,transmission_hard_parts,"6L80 Core Assembly · Complete core · Front pump turns freely · typical apps: Silverado 1500, Sierra 1500, Tahoe, Yukon, Camaro, Corvette, Cadillac CTS",GM,695.78,core,D-05-3,,casting,24237580,unverified
JP-COR-10039,6L80E Core Assembly,6L80,CHI-N,3,6L80E,transmission_hard_parts,"6L80E Core Assembly · Complete core · Late-model — verify software family before rebuild · typical apps: Silverado 1500, Sierra 1500, Tahoe, Yukon, Camaro, Corvette, Cadillac CTS",GM,792.22,core,B-11-2,,casting,24248033,unverified
JP-COR-10040,6L80E Core Assembly,6L80,CHI-N,2,6L80E,transmission_hard_parts,"6L80E Core Assembly · Complete core · Front pump turns freely · typical apps: Silverado 1500, Sierra 1500, Tahoe, Yukon, Camaro, Corvette, Cadillac CTS",GM,789.32,used,A-11-3,,casting,24248034,unverified
JP-COR-10046,6L80 Core Assembly,6L80,CHI-N,2,6L80,transmission_hard_parts,"6L80 Core Assembly · Complete core · Front pump turns freely · typical apps: Silverado 1500, Sierra 1500, Tahoe, Yukon, Camaro, Corvette, Cadillac CTS",GM,854.98,core,E-11-2,,casting,24237580,unverified
JP-COR-10047,6L80 Core Assembly,6L80,CHI-N,1,6L80,transmission_hard_parts,"6L80 Core Assembly · Complete core · No electronics / TEHCM missing · typical apps: Silverado 1500, Sierra 1500, Tahoe, Yukon, Camaro, Corvette, Cadillac CTS",GM,740.06,core,A-04-2,,casting,24248034,unverified
JP-COR-10055,6L80 Core Assembly,6L80,CHI-N,1,6L80,transmission_hard_parts,"6L80 Core Assembly · Complete core · Converter included, untested · typical apps: Silverado 1500, Sierra 1500, Tahoe, Yukon, Camaro, Corvette, Cadillac CTS",GM,540.47,core,A-12-2,,casting,24237580,unverified
JP-COR-10057,6L80 Core Assembly,6L80,CHI-N,1,6L80,transmission_hard_parts,"6L80 Core Assembly · Complete core · Core deposit applies on sale · typical apps: Silverado 1500, Sierra 1500, Tahoe, Yukon, Camaro, Corvette, Cadillac CTS",GM,653.64,used,C-08-2,,casting,24248033,unverified
JP-COR-10061,6L80E Core Assembly,6L80,CHI-N,1,6L80E,transmission_hard_parts,"6L80E Core Assembly · Complete core · No electronics / TEHCM missing · typical apps: Silverado 1500, Sierra 1500, Tahoe, Yukon, Camaro, Corvette, Cadillac CTS",GM,583.84,core,F-07-3,,casting,24236933,unverified
JP-COR-10062,6L80E Core Assembly,6L80,CHI-N,2,6L80E,transmission_hard_parts,"6L80E Core Assembly · Complete core · Pan off, magnets clean · typical apps: Silverado 1500, Sierra 1500, Tahoe, Yukon, Camaro, Corvette, Cadillac CTS",GM,762.16,core,D-03-2,,casting,24236933,unverified
JP-COR-10077,6L80E Core Assembly,6L80,CHI-N,2,6L80E,transmission_hard_parts,"6L80E Core Assembly · Complete core · Complete as pulled, converter not included · typical apps: Silverado 1500, Sierra 1500, Tahoe, Yukon, Camaro, Corvette, Cadillac CTS",GM,769.82,core,A-05-2,,casting,24237580,unverified
JP-COR-10079,6L80 Core Assembly,6L80,CHI-N,2,6L80,transmission_hard_parts,"6L80 Core Assembly · Complete core · Complete as pulled, converter not included · typical apps: Silverado 1500, Sierra 1500, Tahoe, Yukon, Camaro, Corvette, Cadillac CTS",GM,597.16,core,F-10-3,,casting,24248034,unverified
JP-COR-10090,6L80E Core Assembly,6L80,CHI-N,4,6L80E,transmission_hard_parts,"6L80E Core Assembly · Complete core · No electronics / TEHCM missing · typical apps: Silverado 1500, Sierra 1500, Tahoe, Yukon, Camaro, Corvette, Cadillac CTS",GM,588.62,core,B-10-3,,casting,24237580,unverified
JP-COR-10107,6L80 Core Assembly,6L80,CHI-N,3,6L80,transmission_hard_parts,"6L80 Core Assembly · Complete core · Complete as pulled, converter not included · typical apps: Silverado 1500, Sierra 1500, Tahoe, Yukon, Camaro, Corvette, Cadillac CTS",GM,706.30,used,H-12-1,,casting,24248033,unverified
JP-COR-10111,6L80E Core Assembly,6L80,CHI-N,1,6L80E,transmission_hard_parts,"6L80E Core Assembly · Complete core · No electronics / TEHCM missing · typical apps: Silverado 1500, Sierra 1500, Tahoe, Yukon, Camaro, Corvette, Cadillac CTS",GM,637.06,core,F-10-3,,casting,24237580,unverified
JP-COR-10113,6L80 Core Assembly,6L80,CHI-N,8,6L80,transmission_hard_parts,"6L80 Core Assembly · Complete core · Complete as pulled, converter not included · typical apps: Silverado 1500, Sierra 1500, Tahoe, Yukon, Camaro, Corvette, Cadillac CTS",GM,699.39,core,F-09-1,,casting,24248033,unverified
JP-COR-10118,6L80 Core Assembly,6L80,CHI-N,2,6L80,transmission_hard_parts,"6L80 Core Assembly · Complete core · Front pump turns freely · typical apps: Silverado 1500, Sierra 1500, Tahoe, Yukon, Camaro, Corvette, Cadillac CTS",GM,507.56,used,B-01-2,,casting,24239892,unverified
JP-COR-10122,6L80E Core Assembly,6L80,CHI-N,8,6L80E,transmission_hard_parts,"6L80E Core Assembly · Complete core · Front pump turns freely · typical apps: Silverado 1500, Sierra 1500, Tahoe, Yukon, Camaro, Corvette, Cadillac CTS",GM,611.53,core,B-01-1,,casting,24236933,unverified
JP-COR-10123,6L80E Core Assembly,6L80,CHI-N,8,6L80E,transmission_hard_parts,"6L80E Core Assembly · Complete core · Pan off, magnets clean · typical apps: Silverado 1500, Sierra 1500, Tahoe, Yukon, Camaro, Corvette, Cadillac CTS",GM,486.84,core,A-08-1,,casting,24236933,unverified
JP-COR-10124,6L80 Core Assembly,6L80,CHI-N,1,6L80,transmission_hard_parts,"6L80 Core Assembly · Complete core · Converter included, untested · typical apps: Silverado 1500, Sierra 1500, Tahoe, Yukon, Camaro, Corvette, Cadillac CTS",GM,680.08,core,D-11-1,,casting,24236933,unverified
JP-COR-10125,6L80E Core Assembly,6L80,CHI-N,1,6L80E,transmission_hard_parts,"6L80E Core Assembly · Complete core · Complete as pulled, converter not included · typical apps: Silverado 1500, Sierra 1500, Tahoe, Yukon, Camaro, Corvette, Cadillac CTS",GM,729.83,core,H-02-1,,casting,24237580,unverified
JP-COR-10126,6L80E Core Assembly,6L80,CHI-N,3,6L80E,transmission_hard_parts,"6L80E Core Assembly · Complete core · Late-model — verify software family before rebuild · typical apps: Silverado 1500, Sierra 1500, Tahoe, Yukon, Camaro, Corvette, Cadillac CTS",GM,682.74,core,C-12-1,,casting,24236933,unverified
JP-COR-10136,6L80E Core Assembly,6L80,CHI-N,2,6L80E,transmission_hard_parts,"6L80E Core Assembly · Complete core · Late-model — verify software family before rebuild · typical apps: Silverado 1500, Sierra 1500, Tahoe, Yukon, Camaro, Corvette, Cadillac CTS",GM,521.69,core,E-01-3,,casting,24248034,unverified
JP-COR-10137,6L80E Core Assembly,6L80,CHI-N,1,6L80E,transmission_hard_parts,"6L80E Core Assembly · Complete core · Complete as pulled, converter not included · typical apps: Silverado 1500, Sierra 1500, Tahoe, Yukon, Camaro, Corvette, Cadillac CTS",GM,778.15,core,F-08-3,,casting,24236933,unverified
JP-CSE-10377,6L80E Case / Housing,6L80,CHI-N,5,6L80E,transmission_hard_parts,"6L80E Case / Housing · Pan rail flat · typical apps: Silverado 1500, Sierra 1500, Tahoe, Yukon, Camaro, Corvette, Cadillac CTS",GM,141.88,used,F-10-2,,casting,24248033,unverified
JP-EXT-10159,6L80E Extension Housing,6L80,CHI-N,2,6L80E,transmission_hard_parts,"6L80E Extension Housing · Bushing serviceable · typical apps: Silverado 1500, Sierra 1500, Tahoe, Yukon, Camaro, Corvette, Cadillac CTS",GM,69.85,used,D-08-3,,casting,24237580,unverified
JP-EXT-10192,6L80 Extension Housing,6L80,CHI-N,7,6L80,transmission_hard_parts,"6L80 Extension Housing · Bushing serviceable · typical apps: Silverado 1500, Sierra 1500, Tahoe, Yukon, Camaro, Corvette, Cadillac CTS",GM,71.23,used,D-05-3,,casting,24236933,unverified
JP-EXT-10210,6L80 Extension Housing,6L80,CHI-N,1,6L80,transmission_hard_parts,"6L80 Extension Housing · Bushing serviceable · typical apps: Silverado 1500, Sierra 1500, Tahoe, Yukon, Camaro, Corvette, Cadillac CTS",GM,102.03,used,F-07-1,,casting,24237580,unverified
JP-ISH-10225,6L80E Input Shaft,6L80,CHI-N,7,6L80E,transmission_hard_parts,"6L80E Input Shaft · No crack at seal journal · typical apps: Silverado 1500, Sierra 1500, Tahoe, Yukon, Camaro, Corvette, Cadillac CTS",GM,47.93,used,H-10-2,,casting,24248034,unverified
JP-ISH-10283,6L80E Input Shaft,6L80,CHI-N,2,6L80E,transmission_hard_parts,"6L80E Input Shaft · No crack at seal journal · typical apps: Silverado 1500, Sierra 1500, Tahoe, Yukon, Camaro, Corvette, Cadillac CTS",GM,103.30,used,F-01-3,,casting,24236933,unverified
JP-ISH-10459,6L80 Input Shaft,6L80,CHI-N,2,6L80,transmission_hard_parts,"6L80 Input Shaft · No crack at seal journal · typical apps: Silverado 1500, Sierra 1500, Tahoe, Yukon, Camaro, Corvette, Cadillac CTS",GM,65.86,used,A-09-2,,casting,24237580,unverified
JP-OSH-10267,6L80 Output Shaft,6L80,CHI-N,8,6L80,transmission_hard_parts,"6L80 Output Shaft · Bushing journals good · typical apps: Silverado 1500, Sierra 1500, Tahoe, Yukon, Camaro, Corvette, Cadillac CTS",GM,64.38,used,E-05-1,,casting,24248033,unverified
JP-OSH-10322,6L80E Output Shaft,6L80,OHARE,1,6L80E,transmission_hard_parts,"6L80E Output Shaft · Bushing journals good · typical apps: Silverado 1500, Sierra 1500, Tahoe, Yukon, Camaro, Corvette, Cadillac CTS",GM,84.95,used,F-07-3,,casting,24237580,unverified
JP-OSH-10417,6L80E Output Shaft,6L80,CHI-N,8,6L80E,transmission_hard_parts,"6L80E Output Shaft · Parking gear intact · typical apps: Silverado 1500, Sierra 1500, Tahoe, Yukon, Camaro, Corvette, Cadillac CTS",GM,180.33,used,A-08-1,,casting,24248034,unverified
JP-PLF-10152,6L80E Planetary Assembly - Front,6L80,OHARE,8,6L80E,transmission_hard_parts,"6L80E Planetary Assembly - Front · Lugs intact · typical apps: Silverado 1500, Sierra 1500, Tahoe, Yukon, Camaro, Corvette, Cadillac CTS",GM,100.42,used,B-02-1,,casting,24248034,unverified
JP-PLF-10172,6L80E Planetary Assembly - Front,6L80,CHI-N,6,6L80E,transmission_hard_parts,"6L80E Planetary Assembly - Front · Pinions tight · typical apps: Silverado 1500, Sierra 1500, Tahoe, Yukon, Camaro, Corvette, Cadillac CTS",GM,103.80,used,A-10-1,,casting,24236933,unverified
JP-PLF-10230,6L80 Planetary Assembly - Front,6L80,CHI-N,3,6L80,transmission_hard_parts,"6L80 Planetary Assembly - Front · Pinions tight · typical apps: Silverado 1500, Sierra 1500, Tahoe, Yukon, Camaro, Corvette, Cadillac CTS",GM,161.50,used,H-12-2,,casting,24248034,unverified
JP-PLF-10341,6L80 Planetary Assembly - Front,6L80,OHARE,6,6L80,transmission_hard_parts,"6L80 Planetary Assembly - Front · Pinions tight · typical apps: Silverado 1500, Sierra 1500, Tahoe, Yukon, Camaro, Corvette, Cadillac CTS",GM,158.82,used,A-05-3,,casting,24248033,unverified
JP-PLR-10297,6L80 Planetary Assembly - Rear,6L80,CHI-N,9,6L80,transmission_hard_parts,"6L80 Planetary Assembly - Rear · 4-pinion · typical apps: Silverado 1500, Sierra 1500, Tahoe, Yukon, Camaro, Corvette, Cadillac CTS",GM,126.10,used,G-11-2,,casting,24237580,unverified
JP-SRV-10242,6L80 Servo Assembly,6L80,CHI-N,7,6L80,transmission_hard_parts,"6L80 Servo Assembly · Pin not scored · typical apps: Silverado 1500, Sierra 1500, Tahoe, Yukon, Camaro, Corvette, Cadillac CTS",GM,64.06,used,C-07-3,,casting,24248033,unverified
JP-SRV-10279,6L80E Servo Assembly,6L80,CHI-N,3,6L80E,transmission_hard_parts,"6L80E Servo Assembly · Pin not scored · typical apps: Silverado 1500, Sierra 1500, Tahoe, Yukon, Camaro, Corvette, Cadillac CTS",GM,66.53,used,C-04-2,,casting,24239892,unverified
JP-SSH-10185,6L80E Sun Shell / Reaction Shell,6L80,OHARE,12,6L80E,transmission_hard_parts,"6L80E Sun Shell / Reaction Shell · Crack-checked · typical apps: Silverado 1500, Sierra 1500, Tahoe, Yukon, Camaro, Corvette, Cadillac CTS",GM,42.57,used,F-10-1,,casting,24239892,unverified
JP-SSH-10443,6L80 Sun Shell / Reaction Shell,6L80,OHARE,3,6L80,transmission_hard_parts,"6L80 Sun Shell / Reaction Shell · Crack-checked · typical apps: Silverado 1500, Sierra 1500, Tahoe, Yukon, Camaro, Corvette, Cadillac CTS",GM,75.95,used,G-04-3,,casting,24236933,unverified
JP-TC-10213,6L80 Torque Converter,6L80,CHI-N,22,6L80,transmission_hard_parts,"6L80 Torque Converter · Lockup, visually inspected · typical apps: Silverado 1500, Sierra 1500, Tahoe, Yukon, Camaro, Corvette, Cadillac CTS",GM,185.39,used,D-08-2,,casting,24236933,unverified
JP-TC-10258,6L80 Torque Converter,6L80,CHI-N,14,6L80,transmission_hard_parts,"6L80 Torque Converter · Hub not scored · typical apps: Silverado 1500, Sierra 1500, Tahoe, Yukon, Camaro, Corvette, Cadillac CTS",GM,229.86,used,C-09-3,,casting,24248034,unverified
JP-TC-10281,6L80E Torque Converter,6L80,CHI-N,8,6L80E,transmission_hard_parts,"6L80E Torque Converter · Hub not scored · typical apps: Silverado 1500, Sierra 1500, Tahoe, Yukon, Camaro, Corvette, Cadillac CTS",GM,250.97,used,A-05-1,,casting,24248034,unverified
JP-TC-10353,6L80 Torque Converter,6L80,CHI-N,22,6L80,transmission_hard_parts,"6L80 Torque Converter · Lockup, visually inspected · typical apps: Silverado 1500, Sierra 1500, Tahoe, Yukon, Camaro, Corvette, Cadillac CTS",GM,202.11,used,A-11-2,,casting,24237580,unverified
JP-TC-10359,6L80 Torque Converter,6L80,CHI-N,7,6L80,transmission_hard_parts,"6L80 Torque Converter · Pilot good · typical apps: Silverado 1500, Sierra 1500, Tahoe, Yukon, Camaro, Corvette, Cadillac CTS",GM,201.21,used,A-01-3,,casting,24237580,unverified
JP-TC-10381,6L80E Torque Converter,6L80,CHI-N,13,6L80E,transmission_hard_parts,"6L80E Torque Converter · Hub not scored · typical apps: Silverado 1500, Sierra 1500, Tahoe, Yukon, Camaro, Corvette, Cadillac CTS",GM,205.79,used,E-09-3,,casting,24236933,unverified
JP-TC-10401,6L80 Torque Converter,6L80,CHI-N,9,6L80,transmission_hard_parts,"6L80 Torque Converter · Hub not scored · typical apps: Silverado 1500, Sierra 1500, Tahoe, Yukon, Camaro, Corvette, Cadillac CTS",GM,186.82,used,G-08-3,,casting,24239892,unverified
JP-IDR-10150,6L80 Input Drum,6L80,OHARE,8,6L80,transmission_hard_parts,"6L80 Input Drum · Splines good · typical apps: Silverado 1500, Sierra 1500, Tahoe, Yukon, Camaro, Corvette, Cadillac CTS",GM,94.36,used,F-08-2,drum,casting,24248033,unverified
JP-IDR-10244,6L80E Input Drum,6L80,CHI-N,6,6L80E,transmission_hard_parts,"6L80E Input Drum · Splines good · typical apps: Silverado 1500, Sierra 1500, Tahoe, Yukon, Camaro, Corvette, Cadillac CTS",GM,121.23,used,F-04-1,drum,casting,24248034,unverified
JP-IDR-10387,6L80 Input Drum,6L80,OHARE,2,6L80,transmission_hard_parts,"6L80 Input Drum · No blown snap-ring groove · typical apps: Silverado 1500, Sierra 1500, Tahoe, Yukon, Camaro, Corvette, Cadillac CTS",GM,155.46,used,H-04-2,drum,casting,24237580,unverified
JP-RDR-10312,6L80 Reverse Input Drum,6L80,CHI-N,5,6L80,transmission_hard_parts,"6L80 Reverse Input Drum · Lug area intact · typical apps: Silverado 1500, Sierra 1500, Tahoe, Yukon, Camaro, Corvette, Cadillac CTS",GM,121.68,used,C-04-2,drum,casting,24248033,unverified
JP-RDR-10392,6L80E Reverse Input Drum,6L80,CHI-N,2,6L80E,transmission_hard_parts,"6L80E Reverse Input Drum · Bushing OK · typical apps: Silverado 1500, Sierra 1500, Tahoe, Yukon, Camaro, Corvette, Cadillac CTS",GM,116.47,used,F-05-3,drum,casting,24248034,unverified
JP-RDR-10500,6L80E Reverse Input Drum,6L80,OHARE,2,6L80E,transmission_hard_parts,"6L80E Reverse Input Drum · Lug area intact · typical apps: Silverado 1500, Sierra 1500, Tahoe, Yukon, Camaro, Corvette, Cadillac CTS",GM,80.39,used,E-12-2,drum,casting,24237580,unverified
6L80-PUMP-01,6L80 Transmission Pump Assembly,6L80,CHI-N,6,6L80,transmission_hard_parts,OEM-style pump for 6L80/6L90 · JP pilot top-up,GM,,used,JP-PMP-B1,pump,,,unverified
JP-PMP-10206,6L80 Pump Assembly,6L80,CHI-N,2,6L80,transmission_hard_parts,"6L80 Pump Assembly · O-ring groove present · typical apps: Silverado 1500, Sierra 1500, Tahoe, Yukon, Camaro, Corvette, Cadillac CTS",GM,236.24,used,G-04-3,pump,casting,24237580,unverified
JP-PMP-10220,6L80E Pump Assembly,6L80,CHI-N,4,6L80E,transmission_hard_parts,"6L80E Pump Assembly · Rotor and vanes present · typical apps: Silverado 1500, Sierra 1500, Tahoe, Yukon, Camaro, Corvette, Cadillac CTS",GM,274.12,used,E-01-2,pump,casting,24239892,unverified
JP-PMP-10235,6L80E Pump Assembly,6L80,OHARE,1,6L80E,transmission_hard_parts,"6L80E Pump Assembly · 300mm wedge · typical apps: Silverado 1500, Sierra 1500, Tahoe, Yukon, Camaro, Corvette, Cadillac CTS",GM,262.05,used,F-12-3,pump,casting,24237580,unverified
JP-PMP-10290,6L80E Pump Assembly,6L80,OHARE,11,6L80E,transmission_hard_parts,"6L80E Pump Assembly · 300mm wedge · typical apps: Silverado 1500, Sierra 1500, Tahoe, Yukon, Camaro, Corvette, Cadillac CTS",GM,149.47,used,E-10-1,pump,casting,24236933,unverified
JP-PMP-10309,6L80E Pump Assembly,6L80,OHARE,1,6L80E,transmission_hard_parts,"6L80E Pump Assembly · Bushing serviceable · typical apps: Silverado 1500, Sierra 1500, Tahoe, Yukon, Camaro, Corvette, Cadillac CTS",GM,251.19,used,A-01-1,pump,casting,24237580,unverified
JP-PMP-10337,6L80E Pump Assembly,6L80,CHI-N,10,6L80E,transmission_hard_parts,"6L80E Pump Assembly · 300mm wedge · typical apps: Silverado 1500, Sierra 1500, Tahoe, Yukon, Camaro, Corvette, Cadillac CTS",GM,202.43,used,C-09-1,pump,casting,24236933,unverified
JP-PMP-10385,6L80E Pump Assembly,6L80,CHI-N,3,6L80E,transmission_hard_parts,"6L80E Pump Assembly · Bushing serviceable · typical apps: Silverado 1500, Sierra 1500, Tahoe, Yukon, Camaro, Corvette, Cadillac CTS",GM,119.91,used,D-04-3,pump,casting,24237580,unverified
JP-PMP-10395,6L80 Pump Assembly,6L80,OHARE,9,6L80,transmission_hard_parts,"6L80 Pump Assembly · 298mm · typical apps: Silverado 1500, Sierra 1500, Tahoe, Yukon, Camaro, Corvette, Cadillac CTS",GM,194.88,used,E-12-2,pump,casting,24248034,unverified
JP-PMP-10399,6L80 Pump Assembly,6L80,CHI-N,7,6L80,transmission_hard_parts,"6L80 Pump Assembly · O-ring groove present · typical apps: Silverado 1500, Sierra 1500, Tahoe, Yukon, Camaro, Corvette, Cadillac CTS",GM,208.45,used,E-07-2,pump,casting,24248033,unverified
JP-PMP-10441,6L80 Pump Assembly,6L80,CHI-N,5,6L80,transmission_hard_parts,"6L80 Pump Assembly · 300mm wedge · typical apps: Silverado 1500, Sierra 1500, Tahoe, Yukon, Camaro, Corvette, Cadillac CTS",GM,298.60,used,E-06-2,pump,casting,24248034,unverified
JP-VB-10151,6L80E Valve Body,6L80,CHI-N,11,6L80E,transmission_hard_parts,"6L80E Valve Body · Inspected, no cracked casting · typical apps: Silverado 1500, Sierra 1500, Tahoe, Yukon, Camaro, Corvette, Cadillac CTS",GM,242.56,used,D-10-3,valve body,casting,24236933,unverified
JP-VB-10164,6L80 Valve Body,6L80,CHI-N,17,6L80,transmission_hard_parts,"6L80 Valve Body · Solenoids not included · typical apps: Silverado 1500, Sierra 1500, Tahoe, Yukon, Camaro, Corvette, Cadillac CTS",GM,261.51,used,C-09-2,valve body,casting,24248033,unverified
JP-VB-10217,6L80 Valve Body,6L80,CHI-N,2,6L80,transmission_hard_parts,"6L80 Valve Body · Separator plate included · typical apps: Silverado 1500, Sierra 1500, Tahoe, Yukon, Camaro, Corvette, Cadillac CTS",GM,149.24,used,C-09-1,valve body,casting,24237580,unverified
JP-VB-10238,6L80 Valve Body,6L80,CHI-N,14,6L80,transmission_hard_parts,"6L80 Valve Body · Separator plate included · typical apps: Silverado 1500, Sierra 1500, Tahoe, Yukon, Camaro, Corvette, Cadillac CTS",GM,140.88,used,C-12-2,valve body,casting,24236933,unverified
JP-VB-10256,6L80 Valve Body,6L80,CHI-N,13,6L80,transmission_hard_parts,"6L80 Valve Body · Checkball inventory complete · typical apps: Silverado 1500, Sierra 1500, Tahoe, Yukon, Camaro, Corvette, Cadillac CTS",GM,137.67,used,C-03-1,valve body,casting,24239892,unverified
JP-VB-10260,6L80E Valve Body,6L80,CHI-N,2,6L80E,transmission_hard_parts,"6L80E Valve Body · Separator plate included · typical apps: Silverado 1500, Sierra 1500, Tahoe, Yukon, Camaro, Corvette, Cadillac CTS",GM,220.33,used,D-02-2,valve body,casting,24236933,unverified
JP-VB-10278,6L80 Valve Body,6L80,OHARE,6,6L80,transmission_hard_parts,"6L80 Valve Body · Solenoids not included · typical apps: Silverado 1500, Sierra 1500, Tahoe, Yukon, Camaro, Corvette, Cadillac CTS",GM,115.99,used,B-01-1,valve body,casting,24239892,unverified
JP-VB-10302,6L80E Valve Body,6L80,CHI-N,4,6L80E,transmission_hard_parts,"6L80E Valve Body · Checkball inventory complete · typical apps: Silverado 1500, Sierra 1500, Tahoe, Yukon, Camaro, Corvette, Cadillac CTS",GM,169.61,used,E-07-3,valve body,casting,24239892,unverified
JP-VB-10343,6L80 Valve Body,6L80,OHARE,9,6L80,transmission_hard_parts,"6L80 Valve Body · Inspected, no cracked casting · typical apps: Silverado 1500, Sierra 1500, Tahoe, Yukon, Camaro, Corvette, Cadillac CTS",GM,108.31,used,C-08-2,valve body,casting,24237580,unverified
JP-VB-10424,6L80 Valve Body,6L80,CHI-N,12,6L80,transmission_hard_parts,"6L80 Valve Body · Separator plate included · typical apps: Silverado 1500, Sierra 1500, Tahoe, Yukon, Camaro, Corvette, Cadillac CTS",GM,126.16,used,C-01-3,valve body,casting,24248034,unverified
JP-VB-10428,6L80 Valve Body,6L80,OHARE,17,6L80,transmission_hard_parts,"6L80 Valve Body · Inspected, no cracked casting · typical apps: Silverado 1500, Sierra 1500, Tahoe, Yukon, Camaro, Corvette, Cadillac CTS",GM,88.48,used,C-07-1,valve body,casting,24248033,unverified
JP-VB-10474,6L80 Valve Body,6L80,OHARE,14,6L80,transmission_hard_parts,"6L80 Valve Body · Separator plate included · typical apps: Silverado 1500, Sierra 1500, Tahoe, Yukon, Camaro, Corvette, Cadillac CTS",GM,154.80,used,D-03-2,valve body,casting,24248034,unverified
JP-BEL-10240,6L90E Bellhousing,6L90,CHI-N,0,6L90E,transmission_hard_parts,"6L90E Bellhousing · Dowel holes clean · typical apps: Silverado 2500/3500, Sierra HD, Suburban 2500, Express 2500",GM,190.94,used,F-06-2,,casting,24254172,unverified
JP-BEL-10406,6L90E Bellhousing,6L90,CHI-N,3,6L90E,transmission_hard_parts,"6L90E Bellhousing · Dowel holes clean · typical apps: Silverado 2500/3500, Sierra HD, Suburban 2500, Express 2500",GM,157.12,used,H-11-3,,casting,24239892,unverified
JP-BEL-10475,6L90E Bellhousing,6L90,OHARE,0,6L90E,transmission_hard_parts,"6L90E Bellhousing · Dowel holes clean · typical apps: Silverado 2500/3500, Sierra HD, Suburban 2500, Express 2500",GM,160.53,used,A-01-1,,casting,24239892,unverified
JP-COR-10005,6L90 Core Assembly,6L90,CHI-N,8,6L90,transmission_hard_parts,"6L90 Core Assembly · Complete core · Complete as pulled, converter not included · typical apps: Silverado 2500/3500, Sierra HD, Suburban 2500, Express 2500",GM,745.01,used,A-03-1,,casting,24239892,unverified
JP-COR-10016,6L90E Core Assembly,6L90,CHI-N,2,6L90E,transmission_hard_parts,"6L90E Core Assembly · Complete core · Pan off, magnets clean · typical apps: Silverado 2500/3500, Sierra HD, Suburban 2500, Express 2500",GM,730.12,core,B-11-3,,casting,24254172,unverified
JP-COR-10034,6L90 Core Assembly,6L90,CHI-N,3,6L90,transmission_hard_parts,"6L90 Core Assembly · Complete core · Pan off, magnets clean · typical apps: Silverado 2500/3500, Sierra HD, Suburban 2500, Express 2500",GM,772.50,core,G-08-3,,casting,24248033,unverified
JP-COR-10043,6L90 Core Assembly,6L90,CHI-N,1,6L90,transmission_hard_parts,"6L90 Core Assembly · Complete core · Complete as pulled, converter not included · typical apps: Silverado 2500/3500, Sierra HD, Suburban 2500, Express 2500",GM,692.22,core,F-01-1,,casting,24254172,unverified
JP-COR-10064,6L90E Core Assembly,6L90,CHI-N,3,6L90E,transmission_hard_parts,"6L90E Core Assembly · Complete core · Complete as pulled, converter not included · typical apps: Silverado 2500/3500, Sierra HD, Suburban 2500, Express 2500",GM,759.51,core,E-08-3,,casting,24248033,unverified
JP-COR-10070,6L90 Core Assembly,6L90,CHI-N,1,6L90,transmission_hard_parts,"6L90 Core Assembly · Complete core · Converter included, untested · typical apps: Silverado 2500/3500, Sierra HD, Suburban 2500, Express 2500",GM,560.66,core,H-11-3,,casting,24254172,unverified
JP-COR-10094,6L90 Core Assembly,6L90,CHI-N,4,6L90,transmission_hard_parts,"6L90 Core Assembly · Complete core · Tag code photographed · typical apps: Silverado 2500/3500, Sierra HD, Suburban 2500, Express 2500",GM,824.88,core,C-10-1,,casting,24254172,unverified
JP-COR-10104,6L90 Core Assembly,6L90,CHI-N,1,6L90,transmission_hard_parts,"6L90 Core Assembly · Complete core · Converter included, untested · typical apps: Silverado 2500/3500, Sierra HD, Suburban 2500, Express 2500",GM,922.76,core,C-12-2,,casting,24239892,unverified
JP-COR-10105,6L90E Core Assembly,6L90,CHI-N,1,6L90E,transmission_hard_parts,"6L90E Core Assembly · Complete core · Front pump turns freely · typical apps: Silverado 2500/3500, Sierra HD, Suburban 2500, Express 2500",GM,907.46,core,H-12-3,,casting,24254172,unverified
JP-COR-10115,6L90 Core Assembly,6L90,CHI-N,2,6L90,transmission_hard_parts,"6L90 Core Assembly · Complete core · Tag code photographed · typical apps: Silverado 2500/3500, Sierra HD, Suburban 2500, Express 2500",GM,715.65,core,H-05-3,,casting,24239892,unverified
JP-COR-10130,6L90 Core Assembly,6L90,CHI-N,3,6L90,transmission_hard_parts,"6L90 Core Assembly · Complete core · Tag code photographed · typical apps: Silverado 2500/3500, Sierra HD, Suburban 2500, Express 2500",GM,726.81,core,C-12-2,,casting,24248033,unverified
JP-COR-10134,6L90E Core Assembly,6L90,CHI-N,2,6L90E,transmission_hard_parts,"6L90E Core Assembly · Complete core · No electronics / TEHCM missing · typical apps: Silverado 2500/3500, Sierra HD, Suburban 2500, Express 2500",GM,779.40,core,A-05-2,,casting,24239892,unverified
JP-OSH-10142,6L90E Output Shaft,6L90,CHI-N,6,6L90E,transmission_hard_parts,"6L90E Output Shaft · Parking gear intact · typical apps: Silverado 2500/3500, Sierra HD, Suburban 2500, Express 2500",GM,132.74,used,F-01-1,,casting,24248033,unverified
JP-OSH-10336,6L90 Output Shaft,6L90,CHI-N,8,6L90,transmission_hard_parts,"6L90 Output Shaft · Parking gear intact · typical apps: Silverado 2500/3500, Sierra HD, Suburban 2500, Express 2500",GM,62.43,used,A-09-2,,casting,24248033,unverified
JP-OSH-10457,6L90E Output Shaft,6L90,CHI-N,4,6L90E,transmission_hard_parts,"6L90E Output Shaft · Parking gear intact · typical apps: Silverado 2500/3500, Sierra HD, Suburban 2500, Express 2500",GM,110.73,used,H-03-3,,casting,24239892,unverified
JP-OSH-10482,6L90 Output Shaft,6L90,OHARE,7,6L90,transmission_hard_parts,"6L90 Output Shaft · Bushing journals good · typical apps: Silverado 2500/3500, Sierra HD, Suburban 2500, Express 2500",GM,120.16,used,G-11-2,,casting,24254172,unverified
JP-PLF-10173,6L90 Planetary Assembly - Front,6L90,CHI-N,7,6L90,transmission_hard_parts,"6L90 Planetary Assembly - Front · No heat discoloration · typical apps: Silverado 2500/3500, Sierra HD, Suburban 2500, Express 2500",GM,65.61,used,H-07-2,,casting,24239892,unverified
JP-PLF-10365,6L90E Planetary Assembly - Front,6L90,OHARE,7,6L90E,transmission_hard_parts,"6L90E Planetary Assembly - Front · Lugs intact · typical apps: Silverado 2500/3500, Sierra HD, Suburban 2500, Express 2500",GM,108.51,used,F-01-1,,casting,24248033,unverified
JP-PLF-10408,6L90 Planetary Assembly - Front,6L90,CHI-N,1,6L90,transmission_hard_parts,"6L90 Planetary Assembly - Front · Lugs intact · typical apps: Silverado 2500/3500, Sierra HD, Suburban 2500, Express 2500",GM,68.04,used,D-03-1,,casting,24248033,unverified
JP-PLR-10188,6L90E Planetary Assembly - Rear,6L90,OHARE,2,6L90E,transmission_hard_parts,"6L90E Planetary Assembly - Rear · Washer stack complete · typical apps: Silverado 2500/3500, Sierra HD, Suburban 2500, Express 2500",GM,177.00,used,G-12-1,,casting,24239892,unverified
JP-PLR-10190,6L90 Planetary Assembly - Rear,6L90,CHI-N,6,6L90,transmission_hard_parts,"6L90 Planetary Assembly - Rear · Washer stack complete · typical apps: Silverado 2500/3500, Sierra HD, Suburban 2500, Express 2500",GM,160.52,used,H-05-3,,casting,24248033,unverified
JP-PLR-10296,6L90 Planetary Assembly - Rear,6L90,CHI-N,9,6L90,transmission_hard_parts,"6L90 Planetary Assembly - Rear · 5-pinion · typical apps: Silverado 2500/3500, Sierra HD, Suburban 2500, Express 2500",GM,86.53,used,G-09-1,,casting,24239892,unverified
JP-PLR-10350,6L90 Planetary Assembly - Rear,6L90,OHARE,10,6L90,transmission_hard_parts,"6L90 Planetary Assembly - Rear · Washer stack complete · typical apps: Silverado 2500/3500, Sierra HD, Suburban 2500, Express 2500",GM,119.17,used,A-04-3,,casting,24248033,unverified
JP-PLR-10388,6L90E Planetary Assembly - Rear,6L90,OHARE,2,6L90E,transmission_hard_parts,"6L90E Planetary Assembly - Rear · 5-pinion · typical apps: Silverado 2500/3500, Sierra HD, Suburban 2500, Express 2500",GM,68.99,used,C-09-3,,casting,24239892,unverified
JP-SRV-10144,6L90 Servo Assembly,6L90,CHI-N,3,6L90,transmission_hard_parts,"6L90 Servo Assembly · Pin not scored · typical apps: Silverado 2500/3500, Sierra HD, Suburban 2500, Express 2500",GM,83.92,used,G-07-3,,casting,24248033,unverified
JP-SRV-10478,6L90 Servo Assembly,6L90,OHARE,2,6L90,transmission_hard_parts,"6L90 Servo Assembly · Cover included · typical apps: Silverado 2500/3500, Sierra HD, Suburban 2500, Express 2500",GM,30.17,used,F-06-1,,casting,24254172,unverified
JP-SSH-10236,6L90E Sun Shell / Reaction Shell,6L90,CHI-N,3,6L90E,transmission_hard_parts,"6L90E Sun Shell / Reaction Shell · Common wear item · typical apps: Silverado 2500/3500, Sierra HD, Suburban 2500, Express 2500",GM,89.39,used,E-08-3,,casting,24248033,unverified
JP-SSH-10298,6L90 Sun Shell / Reaction Shell,6L90,OHARE,7,6L90,transmission_hard_parts,"6L90 Sun Shell / Reaction Shell · Crack-checked · typical apps: Silverado 2500/3500, Sierra HD, Suburban 2500, Express 2500",GM,88.62,used,G-06-3,,casting,24239892,unverified
JP-SSH-10342,6L90 Sun Shell / Reaction Shell,6L90,OHARE,4,6L90,transmission_hard_parts,"6L90 Sun Shell / Reaction Shell · Lugs not stripped · typical apps: Silverado 2500/3500, Sierra HD, Suburban 2500, Express 2500",GM,79.96,used,A-05-2,,casting,24248033,unverified
JP-SSH-10471,6L90 Sun Shell / Reaction Shell,6L90,OHARE,2,6L90,transmission_hard_parts,"6L90 Sun Shell / Reaction Shell · Crack-checked · typical apps: Silverado 2500/3500, Sierra HD, Suburban 2500, Express 2500",GM,75.10,used,F-07-2,,casting,24254172,unverified
JP-TC-10167,6L90E Torque Converter,6L90,CHI-N,17,6L90E,transmission_hard_parts,"6L90E Torque Converter · Lockup, visually inspected · typical apps: Silverado 2500/3500, Sierra HD, Suburban 2500, Express 2500",GM,259.11,used,E-07-2,,casting,24239892,unverified
JP-TC-10231,6L90 Torque Converter,6L90,CHI-N,22,6L90,transmission_hard_parts,"6L90 Torque Converter · Hub not scored · typical apps: Silverado 2500/3500, Sierra HD, Suburban 2500, Express 2500",GM,313.31,used,C-12-1,,casting,24239892,unverified
JP-TC-10292,6L90 Torque Converter,6L90,CHI-N,20,6L90,transmission_hard_parts,"6L90 Torque Converter · Pilot good · typical apps: Silverado 2500/3500, Sierra HD, Suburban 2500, Express 2500",GM,212.02,used,B-11-1,,casting,24248033,unverified
JP-TC-10452,6L90E Torque Converter,6L90,CHI-N,12,6L90E,transmission_hard_parts,"6L90E Torque Converter · Pilot good · typical apps: Silverado 2500/3500, Sierra HD, Suburban 2500, Express 2500",GM,285.54,used,B-12-3,,casting,24239892,unverified
JP-TCM-10432,6L90E TEHCM / Control Module,6L90,OHARE,4,6L90E,transmission_hard_parts,"6L90E TEHCM / Control Module · Connector pins straight · typical apps: Silverado 2500/3500, Sierra HD, Suburban 2500, Express 2500",GM,290.76,used,F-07-2,,casting,24239892,unverified
JP-IDR-10346,6L90E Input Drum,6L90,OHARE,1,6L90E,transmission_hard_parts,"6L90E Input Drum · No blown snap-ring groove · typical apps: Silverado 2500/3500, Sierra HD, Suburban 2500, Express 2500",GM,127.31,used,D-09-2,drum,casting,24239892,unverified
JP-RDR-10323,6L90E Reverse Input Drum,6L90,OHARE,7,6L90E,transmission_hard_parts,"6L90E Reverse Input Drum · Bushing OK · typical apps: Silverado 2500/3500, Sierra HD, Suburban 2500, Express 2500",GM,109.24,used,B-08-1,drum,casting,24239892,unverified
JP-PMP-10327,6L90E Pump Assembly,6L90,OHARE,5,6L90E,transmission_hard_parts,"6L90E Pump Assembly · 298mm · typical apps: Silverado 2500/3500, Sierra HD, Suburban 2500, Express 2500",GM,167.21,used,H-12-3,pump,casting,24239892,unverified
JP-PMP-10358,6L90E Pump Assembly,6L90,OHARE,3,6L90E,transmission_hard_parts,"6L90E Pump Assembly · 300mm wedge · typical apps: Silverado 2500/3500, Sierra HD, Suburban 2500, Express 2500",GM,177.30,used,B-06-2,pump,casting,24239892,unverified
JP-PMP-10486,6L90 Pump Assembly,6L90,CHI-N,12,6L90,transmission_hard_parts,"6L90 Pump Assembly · 300mm wedge · typical apps: Silverado 2500/3500, Sierra HD, Suburban 2500, Express 2500",GM,119.94,used,E-01-1,pump,casting,24254172,unverified
JP-VB-10205,6L90 Valve Body,6L90,CHI-N,7,6L90,transmission_hard_parts,"6L90 Valve Body · Separator plate included · typical apps: Silverado 2500/3500, Sierra HD, Suburban 2500, Express 2500",GM,238.96,used,G-03-1,valve body,casting,24254172,unverified
JP-VB-10284,6L90 Valve Body,6L90,OHARE,7,6L90,transmission_hard_parts,"6L90 Valve Body · Inspected, no cracked casting · typical apps: Silverado 2500/3500, Sierra HD, Suburban 2500, Express 2500",GM,106.08,used,E-02-1,valve body,casting,24239892,unverified
JP-VB-10316,6L90E Valve Body,6L90,CHI-N,3,6L90E,transmission_hard_parts,"6L90E Valve Body · Separator plate included · typical apps: Silverado 2500/3500, Sierra HD, Suburban 2500, Express 2500",GM,197.51,used,H-04-2,valve body,casting,24239892,unverified
JP-VB-10389,6L90E Valve Body,6L90,OHARE,7,6L90E,transmission_hard_parts,"6L90E Valve Body · Separator plate included · typical apps: Silverado 2500/3500, Sierra HD, Suburban 2500, Express 2500",GM,154.09,used,D-01-1,valve body,casting,24254172,unverified
JP-BEL-10168,6R80 Bellhousing,6R80,CHI-N,5,6R80,transmission_hard_parts,"6R80 Bellhousing · Dowel holes clean · typical apps: F-150, Expedition, Navigator, Mustang GT",Ford,92.84,used,C-02-1,,casting,AL3P-7A103,unverified
JP-BEL-10273,6R80 Bellhousing,6R80,CHI-N,0,6R80,transmission_hard_parts,"6R80 Bellhousing · Starter nose intact · typical apps: F-150, Expedition, Navigator, Mustang GT",Ford,96.44,used,A-10-1,,casting,7L1P-7A103,unverified
JP-COR-10029,6R80 Core Assembly,6R80,CHI-N,1,6R80,transmission_hard_parts,"6R80 Core Assembly · Complete core · Late-model — verify software family before rebuild · typical apps: F-150, Expedition, Navigator, Mustang GT",Ford,805.76,core,E-04-3,,casting,9L8P-7A103,unverified
JP-COR-10031,6R80 Core Assembly,6R80,CHI-N,1,6R80,transmission_hard_parts,"6R80 Core Assembly · Complete core · Converter included, untested · typical apps: F-150, Expedition, Navigator, Mustang GT",Ford,594.02,core,E-08-3,,casting,BL3P-7A103,unverified
JP-COR-10032,6R80 Core Assembly,6R80,CHI-N,1,6R80,transmission_hard_parts,"6R80 Core Assembly · Complete core · Pan off, magnets clean · typical apps: F-150, Expedition, Navigator, Mustang GT",Ford,438.33,core,B-07-3,,casting,BL3P-7A103,unverified
JP-COR-10041,6R80 Core Assembly,6R80,CHI-N,5,6R80,transmission_hard_parts,"6R80 Core Assembly · Complete core · Late-model — verify software family before rebuild · typical apps: F-150, Expedition, Navigator, Mustang GT",Ford,570.94,core,F-01-3,,casting,AL3P-7A103,unverified
JP-COR-10048,6R80 Core Assembly,6R80,CHI-N,3,6R80,transmission_hard_parts,"6R80 Core Assembly · Complete core · Complete as pulled, converter not included · typical apps: F-150, Expedition, Navigator, Mustang GT",Ford,722.43,core,F-02-1,,casting,9L8P-7A103,unverified
JP-COR-10080,6R80 Core Assembly,6R80,CHI-N,1,6R80,transmission_hard_parts,"6R80 Core Assembly · Complete core · Converter included, untested · typical apps: F-150, Expedition, Navigator, Mustang GT",Ford,594.84,core,C-06-3,,casting,AL3P-7A103,unverified
JP-COR-10083,6R80 Core Assembly,6R80,CHI-N,1,6R80,transmission_hard_parts,"6R80 Core Assembly · Complete core · Complete as pulled, converter not included · typical apps: F-150, Expedition, Navigator, Mustang GT",Ford,729.95,core,E-12-3,,casting,BL3P-7A103,unverified
JP-COR-10091,6R80 Core Assembly,6R80,CHI-N,1,6R80,transmission_hard_parts,"6R80 Core Assembly · Complete core · Late-model — verify software family before rebuild · typical apps: F-150, Expedition, Navigator, Mustang GT",Ford,610.56,core,D-04-1,,casting,AL3P-7A103,unverified
JP-COR-10109,6R80 Core Assembly,6R80,CHI-N,2,6R80,transmission_hard_parts,"6R80 Core Assembly · Complete core · Core deposit applies on sale · typical apps: F-150, Expedition, Navigator, Mustang GT",Ford,472.12,core,G-11-1,,casting,AL3P-7A103,unverified
JP-COR-10119,6R80 Core Assembly,6R80,CHI-N,2,6R80,transmission_hard_parts,"6R80 Core Assembly · Complete core · No electronics / TEHCM missing · typical apps: F-150, Expedition, Navigator, Mustang GT",Ford,536.99,core,A-12-2,,casting,AL3P-7A103,unverified
JP-COR-10120,6R80 Core Assembly,6R80,CHI-N,1,6R80,transmission_hard_parts,"6R80 Core Assembly · Complete core · Pan off, magnets clean · typical apps: F-150, Expedition, Navigator, Mustang GT",Ford,534.76,core,G-04-1,,casting,9L8P-7A103,unverified
JP-COR-10131,6R80 Core Assembly,6R80,CHI-N,2,6R80,transmission_hard_parts,"6R80 Core Assembly · Complete core · No electronics / TEHCM missing · typical apps: F-150, Expedition, Navigator, Mustang GT",Ford,660.18,core,C-11-3,,casting,BL3P-7A103,unverified
JP-COR-10132,6R80 Core Assembly,6R80,CHI-N,1,6R80,transmission_hard_parts,"6R80 Core Assembly · Complete core · Pan off, magnets clean · typical apps: F-150, Expedition, Navigator, Mustang GT",Ford,691.98,used,G-03-2,,casting,BL3P-7A103,unverified
JP-CSE-10313,6R80 Case / Housing,6R80,CHI-N,6,6R80,transmission_hard_parts,"6R80 Case / Housing · Bell threads good · typical apps: F-150, Expedition, Navigator, Mustang GT",Ford,393.88,used,E-04-2,,casting,BL3P-7A103,unverified
JP-CSE-10446,6R80 Case / Housing,6R80,CHI-N,2,6R80,transmission_hard_parts,"6R80 Case / Housing · Pan rail flat · typical apps: F-150, Expedition, Navigator, Mustang GT",Ford,345.20,used,F-12-1,,casting,9L8P-7A103,unverified
JP-CSE-10498,6R80 Case / Housing,6R80,OHARE,1,6R80,transmission_hard_parts,"6R80 Case / Housing · No broken ears · typical apps: F-150, Expedition, Navigator, Mustang GT",Ford,274.68,used,D-09-1,,casting,9L8P-7A103,unverified
JP-EXT-10402,6R80 Extension Housing,6R80,CHI-N,4,6R80,transmission_hard_parts,"6R80 Extension Housing · Seal bore good · typical apps: F-150, Expedition, Navigator, Mustang GT",Ford,44.37,used,E-09-3,,casting,7L1P-7A103,unverified
JP-ISH-10295,6R80 Input Shaft,6R80,CHI-N,6,6R80,transmission_hard_parts,"6R80 Input Shaft · No crack at seal journal · typical apps: F-150, Expedition, Navigator, Mustang GT",Ford,112.87,used,B-12-2,,casting,9L8P-7A103,unverified
JP-ISH-10485,6R80 Input Shaft,6R80,OHARE,9,6R80,transmission_hard_parts,"6R80 Input Shaft · No crack at seal journal · typical apps: F-150, Expedition, Navigator, Mustang GT",Ford,154.04,used,D-10-3,,casting,BL3P-7A103,unverified
JP-OSH-10450,6R80 Output Shaft,6R80,CHI-N,8,6R80,transmission_hard_parts,"6R80 Output Shaft · Bushing journals good · typical apps: F-150, Expedition, Navigator, Mustang GT",Ford,94.48,used,G-06-3,,casting,7L1P-7A103,unverified
JP-OSH-10455,6R80 Output Shaft,6R80,OHARE,7,6R80,transmission_hard_parts,"6R80 Output Shaft · Parking gear intact · typical apps: F-150, Expedition, Navigator, Mustang GT",Ford,65.48,used,H-09-3,,casting,BL3P-7A103,unverified
JP-PLF-10145,6R80 Planetary Assembly - Front,6R80,CHI-N,6,6R80,transmission_hard_parts,"6R80 Planetary Assembly - Front · Lugs intact · typical apps: F-150, Expedition, Navigator, Mustang GT",Ford,63.28,used,D-02-2,,casting,BL3P-7A103,unverified
JP-PLR-10147,6R80 Planetary Assembly - Rear,6R80,CHI-N,6,6R80,transmission_hard_parts,"6R80 Planetary Assembly - Rear · 4-pinion · typical apps: F-150, Expedition, Navigator, Mustang GT",Ford,152.41,used,H-11-3,,casting,7L1P-7A103,unverified
JP-PLR-10158,6R80 Planetary Assembly - Rear,6R80,CHI-N,3,6R80,transmission_hard_parts,"6R80 Planetary Assembly - Rear · 5-pinion · typical apps: F-150, Expedition, Navigator, Mustang GT",Ford,129.37,used,C-11-1,,casting,7L1P-7A103,unverified
JP-PLR-10214,6R80 Planetary Assembly - Rear,6R80,CHI-N,9,6R80,transmission_hard_parts,"6R80 Planetary Assembly - Rear · 4-pinion · typical apps: F-150, Expedition, Navigator, Mustang GT",Ford,61.31,used,D-01-3,,casting,7L1P-7A103,unverified
JP-PLR-10287,6R80 Planetary Assembly - Rear,6R80,CHI-N,6,6R80,transmission_hard_parts,"6R80 Planetary Assembly - Rear · Washer stack complete · typical apps: F-150, Expedition, Navigator, Mustang GT",Ford,101.40,used,C-01-2,,casting,BL3P-7A103,unverified
JP-SRV-10204,6R80 Servo Assembly,6R80,OHARE,7,6R80,transmission_hard_parts,"6R80 Servo Assembly · Pin not scored · typical apps: F-150, Expedition, Navigator, Mustang GT",Ford,82.96,used,F-02-2,,casting,BL3P-7A103,unverified
JP-SSH-10149,6R80 Sun Shell / Reaction Shell,6R80,CHI-N,9,6R80,transmission_hard_parts,"6R80 Sun Shell / Reaction Shell · Lugs not stripped · typical apps: F-150, Expedition, Navigator, Mustang GT",Ford,91.39,used,D-02-2,,casting,9L8P-7A103,unverified
JP-SSH-10178,6R80 Sun Shell / Reaction Shell,6R80,CHI-N,14,6R80,transmission_hard_parts,"6R80 Sun Shell / Reaction Shell · Crack-checked · typical apps: F-150, Expedition, Navigator, Mustang GT",Ford,70.77,used,F-02-3,,casting,9L8P-7A103,unverified
JP-SSH-10209,6R80 Sun Shell / Reaction Shell,6R80,CHI-N,11,6R80,transmission_hard_parts,"6R80 Sun Shell / Reaction Shell · Lugs not stripped · typical apps: F-150, Expedition, Navigator, Mustang GT",Ford,72.54,used,D-12-1,,casting,7L1P-7A103,unverified
JP-SSH-10285,6R80 Sun Shell / Reaction Shell,6R80,CHI-N,9,6R80,transmission_hard_parts,"6R80 Sun Shell / Reaction Shell · Crack-checked · typical apps: F-150, Expedition, Navigator, Mustang GT",Ford,47.79,used,G-07-2,,casting,AL3P-7A103,unverified
JP-SSH-10306,6R80 Sun Shell / Reaction Shell,6R80,OHARE,2,6R80,transmission_hard_parts,"6R80 Sun Shell / Reaction Shell · Crack-checked · typical apps: F-150, Expedition, Navigator, Mustang GT",Ford,50.35,used,C-08-2,,casting,9L8P-7A103,unverified
JP-TC-10179,6R80 Torque Converter,6R80,CHI-N,7,6R80,transmission_hard_parts,"6R80 Torque Converter · Pilot good · typical apps: F-150, Expedition, Navigator, Mustang GT",Ford,246.66,used,A-08-1,,casting,AL3P-7A103,unverified
JP-TC-10226,6R80 Torque Converter,6R80,CHI-N,16,6R80,transmission_hard_parts,"6R80 Torque Converter · Stall unknown — sold as used · typical apps: F-150, Expedition, Navigator, Mustang GT",Ford,203.64,used,E-04-2,,casting,9L8P-7A103,unverified
JP-TC-10469,6R80 Torque Converter,6R80,CHI-N,14,6R80,transmission_hard_parts,"6R80 Torque Converter · Lockup, visually inspected · typical apps: F-150, Expedition, Navigator, Mustang GT",Ford,256.13,used,H-01-3,,casting,9L8P-7A103,unverified
JP-TCM-10182,6R80 TEHCM / Control Module,6R80,OHARE,3,6R80,transmission_hard_parts,"6R80 TEHCM / Control Module · Untested — sold as-is used · typical apps: F-150, Expedition, Navigator, Mustang GT",Ford,179.77,used,B-12-2,,casting,7L1P-7A103,unverified
JP-IDR-10221,6R80 Input Drum,6R80,CHI-N,8,6R80,transmission_hard_parts,"6R80 Input Drum · No blown snap-ring groove · typical apps: F-150, Expedition, Navigator, Mustang GT",Ford,93.52,used,F-07-3,drum,casting,BL3P-7A103,unverified
JP-IDR-10272,6R80 Input Drum,6R80,CHI-N,4,6R80,transmission_hard_parts,"6R80 Input Drum · Piston bores clean · typical apps: F-150, Expedition, Navigator, Mustang GT",Ford,208.67,used,D-12-2,drum,casting,9L8P-7A103,unverified
JP-IDR-10369,6R80 Input Drum,6R80,CHI-N,6,6R80,transmission_hard_parts,"6R80 Input Drum · No blown snap-ring groove · typical apps: F-150, Expedition, Navigator, Mustang GT",Ford,177.96,used,H-04-2,drum,casting,BL3P-7A103,unverified
JP-RDR-10465,6R80 Reverse Input Drum,6R80,CHI-N,2,6R80,transmission_hard_parts,"6R80 Reverse Input Drum · Bushing OK · typical apps: F-150, Expedition, Navigator, Mustang GT",Ford,68.31,used,F-12-1,drum,casting,7L1P-7A103,unverified
6R80-PUMP-01,6R80 Pump Assembly,6R80,CHI-N,9,6R80,transmission_hard_parts,6R80 pump assembly · JP pilot top-up (canonical demo SKU),Ford,,used,JP-PMP-A1,pump,,,unverified
JP-PMP-10352,6R80 Pump Assembly,6R80,OHARE,5,6R80,transmission_hard_parts,"6R80 Pump Assembly · 300mm wedge · typical apps: F-150, Expedition, Navigator, Mustang GT",Ford,293.19,used,G-08-2,pump,casting,AL3P-7A103,unverified
JP-PMP-10372,6R80 Pump Assembly,6R80,OHARE,11,6R80,transmission_hard_parts,"6R80 Pump Assembly · O-ring groove present · typical apps: F-150, Expedition, Navigator, Mustang GT",Ford,130.86,used,D-09-1,pump,casting,9L8P-7A103,unverified
JP-PMP-10390,6R80 Pump Assembly,6R80,CHI-N,9,6R80,transmission_hard_parts,"6R80 Pump Assembly · 300mm wedge · typical apps: F-150, Expedition, Navigator, Mustang GT",Ford,125.87,used,H-05-1,pump,casting,BL3P-7A103,unverified
JP-PMP-10430,6R80 Pump Assembly,6R80,CHI-N,6,6R80,transmission_hard_parts,"6R80 Pump Assembly · 300mm wedge · typical apps: F-150, Expedition, Navigator, Mustang GT",Ford,188.42,used,A-07-2,pump,casting,AL3P-7A103,unverified
JP-PMP-10447,6R80 Pump Assembly,6R80,CHI-N,8,6R80,transmission_hard_parts,"6R80 Pump Assembly · O-ring groove present · typical apps: F-150, Expedition, Navigator, Mustang GT",Ford,124.76,used,B-02-3,pump,casting,7L1P-7A103,unverified
JP-VB-10148,6R80 Valve Body,6R80,OHARE,15,6R80,transmission_hard_parts,"6R80 Valve Body · Separator plate included · typical apps: F-150, Expedition, Navigator, Mustang GT",Ford,196.19,used,G-07-1,valve body,casting,7L1P-7A103,unverified
JP-VB-10227,6R80 Valve Body,6R80,CHI-N,15,6R80,transmission_hard_parts,"6R80 Valve Body · Checkball inventory complete · typical apps: F-150, Expedition, Navigator, Mustang GT",Ford,231.70,used,H-03-1,valve body,casting,9L8P-7A103,unverified
JP-VB-10255,6R80 Valve Body,6R80,CHI-N,17,6R80,transmission_hard_parts,"6R80 Valve Body · Checkball inventory complete · typical apps: F-150, Expedition, Navigator, Mustang GT",Ford,271.84,used,F-09-2,valve body,casting,9L8P-7A103,unverified
JP-VB-10311,6R80 Valve Body,6R80,CHI-N,11,6R80,transmission_hard_parts,"6R80 Valve Body · Solenoids not included · typical apps: F-150, Expedition, Navigator, Mustang GT",Ford,258.64,used,E-01-1,valve body,casting,7L1P-7A103,unverified
JP-VB-10429,6R80 Valve Body,6R80,CHI-N,5,6R80,transmission_hard_parts,"6R80 Valve Body · Separator plate included · typical apps: F-150, Expedition, Navigator, Mustang GT",Ford,215.48,used,F-06-2,valve body,casting,BL3P-7A103,unverified
JP-VB-10435,6R80 Valve Body,6R80,CHI-N,3,6R80,transmission_hard_parts,"6R80 Valve Body · Separator plate included · typical apps: F-150, Expedition, Navigator, Mustang GT",Ford,181.95,used,E-10-1,valve body,casting,AL3P-7A103,unverified
JP-VB-10464,6R80 Valve Body,6R80,CHI-N,9,6R80,transmission_hard_parts,"6R80 Valve Body · Separator plate included · typical apps: F-150, Expedition, Navigator, Mustang GT",Ford,172.20,used,C-03-3,valve body,casting,7L1P-7A103,unverified
JP-VB-10488,6R80 Valve Body,6R80,CHI-N,4,6R80,transmission_hard_parts,"6R80 Valve Body · Separator plate included · typical apps: F-150, Expedition, Navigator, Mustang GT",Ford,101.24,used,C-02-1,valve body,casting,AL3P-7A103,unverified
JP-COR-10025,8HP70 Core Assembly,8HP70,CHI-N,1,8HP70,transmission_hard_parts,"8HP70 Core Assembly · Complete core · Complete as pulled, converter not included · typical apps: Ram 1500, Jeep Grand Cherokee, Chrysler 300, Dodge Charger",ZF,926.52,core,G-07-3,,casting,05013442AA,unverified
JP-COR-10087,8HP75 Core Assembly,8HP70,CHI-N,3,8HP75,transmission_hard_parts,"8HP75 Core Assembly · Complete core · No electronics / TEHCM missing · typical apps: Ram 1500, Jeep Grand Cherokee, Chrysler 300, Dodge Charger",ZF,987.95,core,C-12-3,,casting,05013442AA,unverified
JP-COR-10092,8HP75 Core Assembly,8HP70,CHI-N,1,8HP75,transmission_hard_parts,"8HP75 Core Assembly · Complete core · Complete as pulled, converter not included · typical apps: Ram 1500, Jeep Grand Cherokee, Chrysler 300, Dodge Charger",ZF,1091.26,core,C-06-3,,casting,05013442AA,unverified
JP-COR-10100,8HP70 Core Assembly,8HP70,CHI-N,2,8HP70,transmission_hard_parts,"8HP70 Core Assembly · Complete core · Converter included, untested · typical apps: Ram 1500, Jeep Grand Cherokee, Chrysler 300, Dodge Charger",ZF,1064.87,used,E-08-2,,casting,05013442AA,unverified
JP-COR-10116,8HP75 Core Assembly,8HP70,CHI-N,2,8HP75,transmission_hard_parts,"8HP75 Core Assembly · Complete core · Pan off, magnets clean · typical apps: Ram 1500, Jeep Grand Cherokee, Chrysler 300, Dodge Charger",ZF,1045.60,core,F-10-1,,casting,68159964AA,unverified
JP-CSE-10338,8HP75 Case / Housing,8HP70,OHARE,6,8HP75,transmission_hard_parts,"8HP75 Case / Housing · Pan rail flat · typical apps: Ram 1500, Jeep Grand Cherokee, Chrysler 300, Dodge Charger",ZF,416.59,used,D-01-1,,casting,05013442AA,unverified
JP-CSE-10489,8HP75 Case / Housing,8HP70,OHARE,3,8HP75,transmission_hard_parts,"8HP75 Case / Housing · No broken ears · typical apps: Ram 1500, Jeep Grand Cherokee, Chrysler 300, Dodge Charger",ZF,307.60,used,G-04-2,,casting,05013442AA,unverified
JP-PLF-10156,8HP75 Planetary Assembly - Front,8HP70,CHI-N,1,8HP75,transmission_hard_parts,"8HP75 Planetary Assembly - Front · Lugs intact · typical apps: Ram 1500, Jeep Grand Cherokee, Chrysler 300, Dodge Charger",ZF,80.83,used,H-01-1,,casting,68159964AA,unverified
JP-PLR-10360,8HP75 Planetary Assembly - Rear,8HP70,OHARE,1,8HP75,transmission_hard_parts,"8HP75 Planetary Assembly - Rear · 4-pinion · typical apps: Ram 1500, Jeep Grand Cherokee, Chrysler 300, Dodge Charger",ZF,97.77,used,B-09-3,,casting,05013442AA,unverified
JP-SSH-10143,8HP75 Sun Shell / Reaction Shell,8HP70,OHARE,11,8HP75,transmission_hard_parts,"8HP75 Sun Shell / Reaction Shell · Crack-checked · typical apps: Ram 1500, Jeep Grand Cherokee, Chrysler 300, Dodge Charger",ZF,46.88,used,C-09-2,,casting,05013442AA,unverified
JP-SSH-10319,8HP75 Sun Shell / Reaction Shell,8HP70,CHI-N,6,8HP75,transmission_hard_parts,"8HP75 Sun Shell / Reaction Shell · Lugs not stripped · typical apps: Ram 1500, Jeep Grand Cherokee, Chrysler 300, Dodge Charger",ZF,84.38,used,G-10-3,,casting,05013442AA,unverified
JP-SSH-10499,8HP70 Sun Shell / Reaction Shell,8HP70,CHI-N,8,8HP70,transmission_hard_parts,"8HP70 Sun Shell / Reaction Shell · Crack-checked · typical apps: Ram 1500, Jeep Grand Cherokee, Chrysler 300, Dodge Charger",ZF,61.36,used,F-12-1,,casting,68159964AA,unverified
JP-TC-10304,8HP75 Torque Converter,8HP70,CHI-N,20,8HP75,transmission_hard_parts,"8HP75 Torque Converter · Hub not scored · typical apps: Ram 1500, Jeep Grand Cherokee, Chrysler 300, Dodge Charger",ZF,336.63,used,G-11-1,,casting,68159964AA,unverified
JP-TC-10393,8HP70 Torque Converter,8HP70,CHI-N,18,8HP70,transmission_hard_parts,"8HP70 Torque Converter · Pilot good · typical apps: Ram 1500, Jeep Grand Cherokee, Chrysler 300, Dodge Charger",ZF,346.62,used,F-06-2,,casting,05013442AA,unverified
JP-TC-10412,8HP75 Torque Converter,8HP70,CHI-N,8,8HP75,transmission_hard_parts,"8HP75 Torque Converter · Stall unknown — sold as used · typical apps: Ram 1500, Jeep Grand Cherokee, Chrysler 300, Dodge Charger",ZF,263.30,used,F-08-1,,casting,68159964AA,unverified
JP-TC-10483,8HP75 Torque Converter,8HP70,CHI-N,9,8HP75,transmission_hard_parts,"8HP75 Torque Converter · Lockup, visually inspected · typical apps: Ram 1500, Jeep Grand Cherokee, Chrysler 300, Dodge Charger",ZF,315.41,used,E-09-3,,casting,05013442AA,unverified
JP-TCM-10427,8HP70 TEHCM / Control Module,8HP70,CHI-N,3,8HP70,transmission_hard_parts,"8HP70 TEHCM / Control Module · Untested — sold as-is used · typical apps: Ram 1500, Jeep Grand Cherokee, Chrysler 300, Dodge Charger",ZF,317.92,used,H-10-2,,casting,05013442AA,unverified
JP-IDR-10289,8HP70 Input Drum,8HP70,CHI-N,5,8HP70,transmission_hard_parts,"8HP70 Input Drum · No blown snap-ring groove · typical apps: Ram 1500, Jeep Grand Cherokee, Chrysler 300, Dodge Charger",ZF,165.40,used,F-04-3,drum,casting,68159964AA,unverified
JP-RDR-10146,8HP70 Reverse Input Drum,8HP70,OHARE,5,8HP70,transmission_hard_parts,"8HP70 Reverse Input Drum · Bushing OK · typical apps: Ram 1500, Jeep Grand Cherokee, Chrysler 300, Dodge Charger",ZF,152.54,used,G-01-3,drum,casting,68159964AA,unverified
JP-RDR-10294,8HP75 Reverse Input Drum,8HP70,CHI-N,1,8HP75,transmission_hard_parts,"8HP75 Reverse Input Drum · Lug area intact · typical apps: Ram 1500, Jeep Grand Cherokee, Chrysler 300, Dodge Charger",ZF,124.90,used,D-01-3,drum,casting,68159964AA,unverified
JP-RDR-10374,8HP75 Reverse Input Drum,8HP70,CHI-N,4,8HP75,transmission_hard_parts,"8HP75 Reverse Input Drum · Bushing OK · typical apps: Ram 1500, Jeep Grand Cherokee, Chrysler 300, Dodge Charger",ZF,101.23,used,F-05-3,drum,casting,05013442AA,unverified
JP-PMP-10169,8HP75 Pump Assembly,8HP70,CHI-N,11,8HP75,transmission_hard_parts,"8HP75 Pump Assembly · Bushing serviceable · typical apps: Ram 1500, Jeep Grand Cherokee, Chrysler 300, Dodge Charger",ZF,212.92,used,H-02-1,pump,casting,05013442AA,unverified
JP-PMP-10421,8HP75 Pump Assembly,8HP70,OHARE,5,8HP75,transmission_hard_parts,"8HP75 Pump Assembly · Rotor and vanes present · typical apps: Ram 1500, Jeep Grand Cherokee, Chrysler 300, Dodge Charger",ZF,205.32,used,H-03-1,pump,casting,05013442AA,unverified
JP-PMP-10476,8HP70 Pump Assembly,8HP70,OHARE,1,8HP70,transmission_hard_parts,"8HP70 Pump Assembly · O-ring groove present · typical apps: Ram 1500, Jeep Grand Cherokee, Chrysler 300, Dodge Charger",ZF,103.27,used,B-12-3,pump,casting,68159964AA,unverified
JP-VB-10396,8HP70 Valve Body,8HP70,OHARE,13,8HP70,transmission_hard_parts,"8HP70 Valve Body · Checkball inventory complete · typical apps: Ram 1500, Jeep Grand Cherokee, Chrysler 300, Dodge Charger",ZF,138.44,used,C-11-2,valve body,casting,68159964AA,unverified
JP-VB-10407,8HP75 Valve Body,8HP70,CHI-N,5,8HP75,transmission_hard_parts,"8HP75 Valve Body · Separator plate included · typical apps: Ram 1500, Jeep Grand Cherokee, Chrysler 300, Dodge Charger",ZF,269.80,used,E-10-3,valve body,casting,68159964AA,unverified
JP-BEL-10491,Allison 1000 5-spd Bellhousing,Allison 1000,CHI-N,1,Allison 1000 5-spd,transmission_hard_parts,"Allison 1000 5-spd Bellhousing · Starter nose intact · typical apps: Silverado 2500/3500 Duramax, Sierra HD",GM/Allison,151.16,used,G-10-1,,casting,29546789,unverified
JP-COR-10030,Allison 1000 Core Assembly,Allison 1000,CHI-N,1,Allison 1000,transmission_hard_parts,"Allison 1000 Core Assembly · Complete core · No electronics / TEHCM missing · typical apps: Silverado 2500/3500 Duramax, Sierra HD",GM/Allison,1334.18,core,G-10-3,,casting,29546789,unverified
JP-COR-10036,Allison 1000 5-spd Core Assembly,Allison 1000,CHI-N,2,Allison 1000 5-spd,transmission_hard_parts,"Allison 1000 5-spd Core Assembly · Complete core · Tag code photographed · typical apps: Silverado 2500/3500 Duramax, Sierra HD",GM/Allison,1258.59,used,A-03-1,,casting,29540481,unverified
JP-COR-10073,Allison 1000 6-spd Core Assembly,Allison 1000,CHI-N,2,Allison 1000 6-spd,transmission_hard_parts,"Allison 1000 6-spd Core Assembly · Complete core · Tag code photographed · typical apps: Silverado 2500/3500 Duramax, Sierra HD",GM/Allison,1698.97,core,F-05-1,,casting,29546789,unverified
JP-COR-10081,Allison 1000 6-spd Core Assembly,Allison 1000,CHI-N,1,Allison 1000 6-spd,transmission_hard_parts,"Allison 1000 6-spd Core Assembly · Complete core · Late-model — verify software family before rebuild · typical apps: Silverado 2500/3500 Duramax, Sierra HD",GM/Allison,1682.58,core,C-10-1,,casting,29546789,unverified
JP-COR-10084,Allison 1000 Core Assembly,Allison 1000,CHI-N,1,Allison 1000,transmission_hard_parts,"Allison 1000 Core Assembly · Complete core · Front pump turns freely · typical apps: Silverado 2500/3500 Duramax, Sierra HD",GM/Allison,1231.10,core,A-04-2,,casting,29542897,unverified
JP-COR-10098,Allison 1000 5-spd Core Assembly,Allison 1000,CHI-N,1,Allison 1000 5-spd,transmission_hard_parts,"Allison 1000 5-spd Core Assembly · Complete core · Converter included, untested · typical apps: Silverado 2500/3500 Duramax, Sierra HD",GM/Allison,1325.82,core,H-09-3,,casting,29546789,unverified
JP-COR-10121,Allison 1000 6-spd Core Assembly,Allison 1000,CHI-N,1,Allison 1000 6-spd,transmission_hard_parts,"Allison 1000 6-spd Core Assembly · Complete core · Late-model — verify software family before rebuild · typical apps: Silverado 2500/3500 Duramax, Sierra HD",GM/Allison,1433.61,used,D-09-2,,casting,29542897,unverified
JP-CSE-10176,Allison 1000 Case / Housing,Allison 1000,CHI-N,4,Allison 1000,transmission_hard_parts,"Allison 1000 Case / Housing · No broken ears · typical apps: Silverado 2500/3500 Duramax, Sierra HD",GM/Allison,168.95,used,E-12-3,,casting,29546789,unverified
JP-OSH-10234,Allison 1000 6-spd Output Shaft,Allison 1000,OHARE,8,Allison 1000 6-spd,transmission_hard_parts,"Allison 1000 6-spd Output Shaft · Bushing journals good · typical apps: Silverado 2500/3500 Duramax, Sierra HD",GM/Allison,153.87,used,B-08-2,,casting,29546789,unverified
JP-PLR-10199,Allison 1000 Planetary Assembly - Rear,Allison 1000,OHARE,9,Allison 1000,transmission_hard_parts,"Allison 1000 Planetary Assembly - Rear · Washer stack complete · typical apps: Silverado 2500/3500 Duramax, Sierra HD",GM/Allison,178.08,used,G-05-2,,casting,29546789,unverified
JP-SSH-10153,Allison 1000 Sun Shell / Reaction Shell,Allison 1000,CHI-N,7,Allison 1000,transmission_hard_parts,"Allison 1000 Sun Shell / Reaction Shell · Common wear item · typical apps: Silverado 2500/3500 Duramax, Sierra HD",GM/Allison,51.57,used,C-01-3,,casting,29542897,unverified
JP-SSH-10301,Allison 1000 Sun Shell / Reaction Shell,Allison 1000,CHI-N,13,Allison 1000,transmission_hard_parts,"Allison 1000 Sun Shell / Reaction Shell · Common wear item · typical apps: Silverado 2500/3500 Duramax, Sierra HD",GM/Allison,63.52,used,G-10-2,,casting,29546789,unverified
JP-SSH-10326,Allison 1000 Sun Shell / Reaction Shell,Allison 1000,OHARE,16,Allison 1000,transmission_hard_parts,"Allison 1000 Sun Shell / Reaction Shell · Lugs not stripped · typical apps: Silverado 2500/3500 Duramax, Sierra HD",GM/Allison,39.59,used,F-11-2,,casting,29540481,unverified
JP-SSH-10371,Allison 1000 6-spd Sun Shell / Reaction Shell,Allison 1000,OHARE,5,Allison 1000 6-spd,transmission_hard_parts,"Allison 1000 6-spd Sun Shell / Reaction Shell · Lugs not stripped · typical apps: Silverado 2500/3500 Duramax, Sierra HD",GM/Allison,74.93,used,D-08-1,,casting,29546789,unverified
JP-TC-10175,Allison 1000 Torque Converter,Allison 1000,CHI-N,11,Allison 1000,transmission_hard_parts,"Allison 1000 Torque Converter · Hub not scored · typical apps: Silverado 2500/3500 Duramax, Sierra HD",GM/Allison,436.34,used,A-07-3,,casting,29540481,unverified
JP-TC-10291,Allison 1000 6-spd Torque Converter,Allison 1000,CHI-N,15,Allison 1000 6-spd,transmission_hard_parts,"Allison 1000 6-spd Torque Converter · Stall unknown — sold as used · typical apps: Silverado 2500/3500 Duramax, Sierra HD",GM/Allison,388.02,used,B-12-3,,casting,29546789,unverified
JP-RDR-10203,Allison 1000 5-spd Reverse Input Drum,Allison 1000,CHI-N,7,Allison 1000 5-spd,transmission_hard_parts,"Allison 1000 5-spd Reverse Input Drum · Lug area intact · typical apps: Silverado 2500/3500 Duramax, Sierra HD",GM/Allison,156.83,used,B-02-2,drum,casting,29546789,unverified
JP-RDR-10440,Allison 1000 5-spd Reverse Input Drum,Allison 1000,OHARE,2,Allison 1000 5-spd,transmission_hard_parts,"Allison 1000 5-spd Reverse Input Drum · Lug area intact · typical apps: Silverado 2500/3500 Duramax, Sierra HD",GM/Allison,150.78,used,H-09-3,drum,casting,29546789,unverified
JP-RDR-10445,Allison 1000 5-spd Reverse Input Drum,Allison 1000,CHI-N,3,Allison 1000 5-spd,transmission_hard_parts,"Allison 1000 5-spd Reverse Input Drum · Lug area intact · typical apps: Silverado 2500/3500 Duramax, Sierra HD",GM/Allison,75.34,used,D-05-2,drum,casting,29546789,unverified
